Date,Price,Open,High,Low,Volume,Chg_
"Jan 21, 2005",48.53,47.30,48.95,47.27,109.39K,3.45%
"Jan 20, 2005",46.91,47.60,47.60,46.40,34.82K,-1.35%
"Jan 19, 2005",47.55,48.36,48.41,47.50,66.70K,-1.72%
"Jan 18, 2005",48.38,48.60,49.50,47.70,76.81K,0.00%
"Jan 14, 2005",48.38,47.87,48.65,47.60,73.82K,0.71%
"Jan 13, 2005",48.04,46.50,48.40,46.30,108.48K,3.60%
"Jan 12, 2005",46.37,45.73,46.60,45.00,117.37K,1.51%
"Jan 11, 2005",45.68,45.23,46.15,44.95,90.54K,0.77%
"Jan 10, 2005",45.33,45.60,47.30,45.20,103.57K,-0.22%
"Jan 07, 2005",45.43,45.50,46.10,44.75,99.73K,-0.29%
"Jan 06, 2005",45.56,43.39,45.75,42.80,122.41K,5.00%
"Jan 05, 2005",43.39,43.90,44.00,42.60,91.01K,-1.18%
"Jan 04, 2005",43.91,42.18,44.13,41.85,100.67K,4.25%
"Jan 03, 2005",42.12,43.10,43.10,41.25,69.48K,-3.06%
"Dec 30, 2004",43.45,43.61,43.80,42.52,67.36K,-0.44%
"Dec 29, 2004",43.64,41.81,43.70,41.40,84.05K,4.48%
"Dec 28, 2004",41.77,41.25,42.32,41.00,48.61K,1.09%
"Dec 27, 2004",41.32,43.87,43.87,41.20,56.52K,-6.47%
"Dec 23, 2004",44.18,44.18,44.40,43.75,43.83K,-0.14%
"Dec 22, 2004",44.24,45.75,45.95,43.65,77.63K,-3.32%
"Dec 21, 2004",45.76,45.65,46.15,45.31,56.91K,0.26%
"Dec 20, 2004",45.64,46.20,46.20,44.90,34.84K,-1.38%
"Dec 17, 2004",46.28,44.10,46.35,43.97,65.28K,4.75%
"Dec 16, 2004",44.18,44.30,44.55,43.00,64.60K,-0.02%
"Dec 15, 2004",44.19,41.80,44.45,41.80,119.63K,5.67%
"Dec 14, 2004",41.82,41.12,41.89,40.85,88.75K,1.98%
"Dec 13, 2004",41.01,40.90,41.65,40.25,95.85K,0.74%
"Dec 10, 2004",40.71,42.50,43.29,40.25,118.14K,-4.28%
"Dec 09, 2004",42.53,42.05,43.20,41.95,99.43K,1.41%
"Dec 08, 2004",41.94,41.41,42.50,40.45,127.25K,1.16%
"Dec 07, 2004",41.46,43.10,43.19,41.38,109.07K,-3.54%
"Dec 06, 2004",42.98,42.50,43.60,42.26,82.61K,1.03%
"Dec 03, 2004",42.54,43.33,43.75,42.05,109.16K,-1.64%
"Dec 02, 2004",43.25,45.49,45.90,42.50,158.72K,-4.92%
"Dec 01, 2004",45.49,49.07,49.12,45.35,146.70K,-7.41%
"Nov 30, 2004",49.13,49.65,50.40,48.68,100.73K,-1.27%
"Nov 29, 2004",49.76,49.40,49.95,49.12,57.76K,0.65%
"Nov 24, 2004",49.44,48.84,49.60,47.80,0.02K,1.02%
"Nov 23, 2004",48.94,48.48,50.25,48.22,96.05K,0.62%
"Nov 22, 2004",48.64,48.80,49.55,48.35,85.97K,0.41%
"Nov 19, 2004",48.44,46.20,48.90,46.00,29.94K,4.80%
"Nov 18, 2004",46.22,46.75,47.15,45.65,71.12K,-1.32%
"Nov 17, 2004",46.84,46.16,47.10,45.40,83.14K,1.58%
"Nov 16, 2004",46.11,46.89,47.40,46.07,85.98K,-1.62%
"Nov 15, 2004",46.87,47.11,47.45,45.25,99.07K,-0.95%
"Nov 12, 2004",47.32,47.55,48.05,47.10,75.00K,-0.21%
"Nov 11, 2004",47.42,48.80,48.90,47.10,92.98K,-2.95%
"Nov 10, 2004",48.86,47.35,49.00,46.96,129.90K,3.15%
"Nov 09, 2004",47.37,49.02,49.43,47.20,128.89K,-3.50%
"Nov 08, 2004",49.09,49.60,49.60,48.60,77.26K,-1.05%
"Nov 05, 2004",49.61,48.81,49.70,48.30,115.77K,1.62%
"Nov 04, 2004",48.82,50.88,51.06,48.75,121.09K,-4.05%
"Nov 03, 2004",50.88,49.61,51.20,48.65,143.70K,2.54%
"Nov 02, 2004",49.62,50.19,50.42,49.55,82.75K,-1.02%
"Nov 01, 2004",50.13,51.82,52.50,49.30,133.14K,-3.15%
"Oct 29, 2004",51.76,50.85,51.80,50.47,105.37K,1.65%
"Oct 28, 2004",50.92,52.45,52.80,50.78,150.85K,-2.94%
"Oct 27, 2004",52.46,55.18,55.65,52.10,172.52K,-4.91%
"Oct 26, 2004",55.17,54.49,55.25,53.85,97.02K,1.16%
"Oct 25, 2004",54.54,55.05,55.67,54.20,82.51K,-1.14%
"Oct 22, 2004",55.17,54.50,55.50,54.45,83.30K,1.29%
"Oct 21, 2004",54.47,54.27,54.95,54.01,79.23K,-0.82%
"Oct 20, 2004",54.92,53.29,55.20,53.23,45.91K,3.06%
"Oct 19, 2004",53.29,53.64,53.64,52.59,76.47K,-0.71%
"Oct 18, 2004",53.67,54.80,55.33,53.12,76.10K,-2.29%
"Oct 15, 2004",54.93,54.71,55.00,54.14,108.85K,0.31%
"Oct 14, 2004",54.76,53.65,54.88,53.35,114.72K,2.09%
"Oct 13, 2004",53.64,52.60,53.95,51.49,122.26K,2.15%
"Oct 12, 2004",52.51,53.64,54.45,52.37,137.49K,-2.11%
"Oct 11, 2004",53.64,53.19,53.80,52.95,79.55K,0.62%
"Oct 08, 2004",53.31,52.55,53.40,51.85,116.86K,1.22%
"Oct 07, 2004",52.67,52.00,53.00,51.92,103.19K,1.25%
"Oct 06, 2004",52.02,51.18,52.15,50.75,109.99K,1.82%
"Oct 05, 2004",51.09,49.83,51.29,49.80,88.11K,2.36%
"Oct 04, 2004",49.91,49.90,49.97,49.44,52.02K,-0.42%
"Oct 01, 2004",50.12,49.64,50.15,49.20,77.71K,0.97%
"Sep 30, 2004",49.64,49.50,50.10,49.15,82.58K,0.26%
"Sep 29, 2004",49.51,49.86,50.20,48.40,118.80K,-0.78%
"Sep 28, 2004",49.90,49.57,50.47,49.52,102.59K,0.52%
"Sep 27, 2004",49.64,48.75,49.75,48.64,76.42K,1.55%
"Sep 24, 2004",48.88,48.46,48.90,47.90,69.26K,0.87%
"Sep 23, 2004",48.46,48.35,49.00,47.50,124.91K,0.23%
"Sep 22, 2004",48.35,46.75,48.65,46.42,146.00K,2.65%
"Sep 21, 2004",47.10,46.35,47.40,46.05,50.74K,1.62%
"Sep 20, 2004",46.35,45.59,46.40,45.30,72.38K,1.67%
"Sep 17, 2004",45.59,44.01,45.80,43.91,78.91K,3.90%
"Sep 16, 2004",43.88,43.75,44.20,42.75,101.90K,0.69%
"Sep 15, 2004",43.58,44.44,45.30,43.40,131.69K,-1.82%
"Sep 14, 2004",44.39,43.80,44.85,43.67,112.72K,1.19%
"Sep 13, 2004",43.87,43.13,44.45,42.95,94.67K,2.48%
"Sep 10, 2004",42.81,44.55,45.09,42.52,108.49K,-4.03%
"Sep 09, 2004",44.61,42.73,44.75,42.49,132.54K,4.30%
"Sep 08, 2004",42.77,43.22,43.70,42.40,89.75K,-1.25%
"Sep 07, 2004",43.31,43.57,43.69,42.73,73.48K,-1.55%
"Sep 03, 2004",43.99,44.07,44.45,43.60,61.44K,-0.16%
"Sep 02, 2004",44.06,43.90,45.37,43.75,101.45K,0.14%
"Sep 01, 2004",44.00,42.11,44.40,42.11,110.64K,4.46%
"Aug 31, 2004",42.12,42.25,42.39,41.45,87.97K,-0.38%
"Aug 30, 2004",42.28,43.31,43.50,41.30,92.28K,-2.08%
"Aug 27, 2004",43.18,43.05,43.59,42.75,85.35K,0.19%
"Aug 26, 2004",43.10,43.54,44.15,42.50,128.06K,-0.85%
"Aug 25, 2004",43.47,45.17,45.58,43.22,134.62K,-3.85%
"Aug 24, 2004",45.21,46.00,46.13,44.75,102.52K,-1.82%
"Aug 23, 2004",46.05,46.81,47.22,45.95,82.48K,-3.78%
"Aug 20, 2004",47.86,48.82,49.40,47.60,56.07K,-1.72%
"Aug 19, 2004",48.70,47.35,48.80,47.20,97.47K,3.03%
"Aug 18, 2004",47.27,46.75,47.39,46.50,86.31K,1.11%
"Aug 17, 2004",46.75,46.05,46.95,45.63,112.11K,1.52%
"Aug 16, 2004",46.05,46.60,46.91,45.95,108.91K,-1.14%
"Aug 13, 2004",46.58,45.47,46.65,45.30,124.03K,2.37%
"Aug 12, 2004",45.50,44.77,45.75,44.55,101.45K,1.56%
"Aug 11, 2004",44.80,44.52,44.96,43.30,130.50K,0.63%
"Aug 10, 2004",44.52,44.82,45.04,44.20,95.87K,-0.71%
"Aug 09, 2004",44.84,43.81,44.98,43.55,100.85K,2.03%
"Aug 06, 2004",43.95,44.35,44.77,43.75,109.42K,-1.04%
"Aug 05, 2004",44.41,42.81,44.50,42.62,118.58K,3.69%
"Aug 04, 2004",42.83,44.15,44.34,42.78,110.78K,-2.99%
"Aug 03, 2004",44.15,43.84,44.24,43.50,88.81K,0.75%
"Aug 02, 2004",43.82,43.69,43.94,43.27,71.10K,0.05%
"Jul 30, 2004",43.80,42.72,43.85,42.65,77.43K,2.46%
"Jul 29, 2004",42.75,42.90,42.98,42.10,74.55K,-0.35%
"Jul 28, 2004",42.90,41.85,43.05,41.66,107.26K,2.53%
"Jul 27, 2004",41.84,41.43,42.22,41.31,70.72K,0.97%
"Jul 26, 2004",41.44,41.75,41.95,41.05,59.19K,-0.65%
"Jul 23, 2004",41.71,41.40,41.83,41.20,64.92K,0.85%
"Jul 22, 2004",41.36,40.57,41.65,40.42,84.35K,1.92%
"Jul 21, 2004",40.58,40.40,41.15,40.25,82.12K,-0.69%
"Jul 20, 2004",40.86,41.63,42.30,40.50,40.70K,-1.87%
"Jul 19, 2004",41.64,41.19,41.90,40.72,82.23K,0.95%
"Jul 16, 2004",41.25,40.70,41.80,40.40,65.13K,1.18%
"Jul 15, 2004",40.77,40.97,41.12,40.50,75.87K,-0.49%
"Jul 14, 2004",40.97,39.50,41.05,39.20,115.28K,3.88%
"Jul 13, 2004",39.44,39.40,39.77,38.98,87.63K,-0.15%
"Jul 12, 2004",39.50,39.76,40.75,39.38,97.98K,-1.15%
"Jul 09, 2004",39.96,40.18,40.45,39.91,72.66K,-0.92%
"Jul 08, 2004",40.33,39.19,40.40,38.85,114.50K,3.20%
"Jul 07, 2004",39.08,39.58,39.84,38.75,85.52K,-1.44%
"Jul 06, 2004",39.65,38.79,39.70,38.75,80.28K,3.28%
"Jul 02, 2004",38.39,38.70,39.05,38.26,71.64K,-0.90%
"Jul 01, 2004",38.74,37.05,39.10,36.69,143.29K,4.56%
"Jun 30, 2004",37.05,35.63,37.10,35.52,108.61K,3.90%
"Jun 29, 2004",35.66,36.25,36.38,35.62,75.61K,-1.60%
"Jun 28, 2004",36.24,37.29,37.42,35.90,103.49K,-3.49%
"Jun 25, 2004",37.55,37.95,38.02,37.10,73.63K,-1.00%
"Jun 24, 2004",37.93,37.65,38.10,37.45,69.81K,0.96%
"Jun 23, 2004",37.57,38.19,38.52,37.32,97.29K,-1.42%
"Jun 22, 2004",38.11,37.63,38.20,37.40,34.35K,1.28%
"Jun 21, 2004",37.63,38.65,39.05,37.50,43.70K,-2.89%
"Jun 18, 2004",38.75,38.48,38.83,38.15,44.60K,0.75%
"Jun 17, 2004",38.46,37.34,38.60,37.29,77.07K,3.05%
"Jun 16, 2004",37.32,37.16,37.67,37.00,67.70K,0.35%
"Jun 15, 2004",37.19,37.59,38.40,36.90,87.40K,-1.06%
"Jun 14, 2004",37.59,38.27,38.40,37.45,71.78K,-2.24%
"Jun 10, 2004",38.45,37.54,38.60,37.38,109.72K,2.42%
"Jun 09, 2004",37.54,37.22,37.60,36.45,124.26K,0.70%
"Jun 08, 2004",37.28,38.70,39.14,37.20,110.34K,-3.57%
"Jun 07, 2004",38.66,38.44,38.90,37.75,101.25K,0.44%
"Jun 04, 2004",38.49,39.25,39.46,38.31,115.92K,-2.01%
"Jun 03, 2004",39.28,39.88,40.85,38.15,177.60K,-1.70%
"Jun 02, 2004",39.96,42.31,42.45,39.85,123.54K,-5.60%
"Jun 01, 2004",42.33,40.40,42.00,40.27,131.22K,6.14%
"May 28, 2004",39.88,39.44,39.94,39.06,75.15K,1.12%
"May 27, 2004",39.44,40.65,40.69,39.00,135.40K,-3.10%
"May 26, 2004",40.70,41.13,41.65,40.52,109.89K,-1.07%
"May 25, 2004",41.14,41.70,41.83,40.75,100.01K,-1.39%
"May 24, 2004",41.72,40.00,41.82,39.45,121.47K,4.48%
"May 21, 2004",39.93,40.68,40.96,39.65,118.04K,-2.42%
"May 20, 2004",40.92,41.57,41.70,40.75,51.50K,-1.40%
"May 19, 2004",41.50,40.45,41.55,39.90,81.71K,2.37%
"May 18, 2004",40.54,41.55,41.58,40.35,64.12K,-2.43%
"May 17, 2004",41.55,41.28,41.85,40.80,91.40K,0.41%
"May 14, 2004",41.38,41.08,41.56,40.75,94.62K,0.73%
"May 13, 2004",41.08,40.73,41.10,40.30,91.88K,0.76%
"May 12, 2004",40.77,40.21,40.92,39.82,107.91K,1.77%
"May 11, 2004",40.06,38.88,40.15,38.47,104.49K,2.90%
"May 10, 2004",38.93,39.84,39.95,38.28,106.50K,-2.50%
"May 07, 2004",39.93,39.43,40.00,39.37,84.27K,1.42%
"May 06, 2004",39.37,39.62,39.97,39.15,81.13K,-0.51%
"May 05, 2004",39.57,38.95,39.74,38.49,105.65K,1.51%
"May 04, 2004",38.98,38.18,39.15,37.93,96.80K,2.02%
"May 03, 2004",38.21,37.39,38.30,37.25,67.88K,2.22%
"Apr 30, 2004",37.38,37.42,38.03,37.25,69.88K,0.19%
"Apr 29, 2004",37.31,37.33,37.44,36.63,86.62K,-0.40%
"Apr 28, 2004",37.46,37.54,38.18,36.81,107.96K,-0.19%
"Apr 27, 2004",37.53,36.93,37.70,36.87,93.21K,1.51%
"Apr 26, 2004",36.97,36.75,37.15,36.55,72.08K,1.40%
"Apr 23, 2004",36.46,36.79,36.90,36.10,70.29K,-0.68%
"Apr 22, 2004",36.71,35.74,37.15,35.70,110.47K,2.74%
"Apr 21, 2004",35.73,36.46,36.49,35.35,118.36K,-4.97%
"Apr 20, 2004",37.60,37.45,37.75,37.05,69.01K,0.48%
"Apr 19, 2004",37.42,37.65,38.30,37.30,79.57K,-0.85%
"Apr 16, 2004",37.74,37.56,37.95,37.17,69.26K,0.45%
"Apr 15, 2004",37.57,36.70,37.65,36.44,121.77K,2.31%
"Apr 14, 2004",36.72,37.15,37.27,36.25,117.60K,-1.32%
"Apr 13, 2004",37.21,37.82,37.85,37.00,104.64K,-1.66%
"Apr 12, 2004",37.84,37.24,37.95,37.11,91.68K,1.88%
"Apr 08, 2004",37.14,36.17,37.30,36.13,99.14K,2.74%
"Apr 07, 2004",36.15,34.99,36.60,34.69,137.27K,3.37%
"Apr 06, 2004",34.97,34.40,35.00,34.17,64.43K,1.72%
"Apr 05, 2004",34.38,34.20,34.64,33.93,53.69K,-0.03%
"Apr 02, 2004",34.39,34.33,34.65,33.30,111.67K,0.35%
"Apr 01, 2004",34.27,35.82,35.87,33.90,120.03K,-4.17%
"Mar 31, 2004",35.76,36.24,36.77,34.85,139.02K,-1.35%
"Mar 30, 2004",36.25,35.40,36.45,35.25,86.10K,2.26%
"Mar 29, 2004",35.45,35.68,35.68,35.02,58.47K,-0.78%
"Mar 26, 2004",35.73,35.58,35.93,34.75,105.34K,0.62%
"Mar 25, 2004",35.51,37.00,37.05,35.40,122.17K,-4.05%
"Mar 24, 2004",37.01,37.41,37.78,36.65,82.23K,-1.17%
"Mar 23, 2004",37.45,37.05,37.60,36.60,74.19K,0.92%
"Mar 22, 2004",37.11,38.09,38.09,36.85,49.62K,-2.55%
"Mar 19, 2004",38.08,37.88,38.50,37.63,52.59K,0.40%
"Mar 18, 2004",37.93,38.20,38.25,37.40,59.79K,-0.65%
"Mar 17, 2004",38.18,37.44,38.35,37.33,101.25K,1.87%
"Mar 16, 2004",37.48,37.42,37.80,37.02,85.24K,0.11%
"Mar 15, 2004",37.44,36.15,37.48,35.85,92.39K,3.45%
"Mar 12, 2004",36.19,36.96,37.20,35.30,124.25K,-1.60%
"Mar 11, 2004",36.78,36.29,36.94,36.05,95.43K,1.88%
"Mar 10, 2004",36.10,36.30,36.55,35.63,94.28K,-0.50%
"Mar 09, 2004",36.28,36.50,36.93,36.06,88.59K,-0.79%
"Mar 08, 2004",36.57,37.26,37.51,36.35,74.93K,-1.85%
"Mar 05, 2004",37.26,36.70,37.45,36.70,78.19K,1.69%
"Mar 04, 2004",36.64,35.81,36.85,35.68,91.99K,2.35%
"Mar 03, 2004",35.80,36.65,36.80,35.41,99.75K,-2.35%
"Mar 02, 2004",36.66,36.80,36.98,36.40,56.55K,-0.54%
"Mar 01, 2004",36.86,36.16,36.98,35.80,84.60K,1.94%
"Feb 27, 2004",36.16,35.49,36.23,35.30,72.95K,1.83%
"Feb 26, 2004",35.51,35.70,35.95,35.15,78.75K,-0.48%
"Feb 25, 2004",35.68,34.58,35.90,34.48,106.15K,3.18%
"Feb 24, 2004",34.58,34.36,35.07,34.30,85.17K,0.67%
"Feb 23, 2004",34.35,34.27,34.70,34.03,60.43K,-3.51%
"Feb 20, 2004",35.60,35.80,36.10,35.05,60.94K,-1.11%
"Feb 19, 2004",36.00,35.40,36.10,35.20,50.13K,1.55%
"Feb 18, 2004",35.45,35.08,35.88,35.00,69.71K,0.74%
"Feb 17, 2004",35.19,34.48,35.25,34.25,97.17K,1.82%
"Feb 13, 2004",34.56,33.96,34.65,33.95,85.62K,1.71%
"Feb 12, 2004",33.98,34.00,34.25,33.65,86.63K,-0.06%
"Feb 11, 2004",34.00,34.00,34.40,33.30,100.72K,0.38%
"Feb 10, 2004",33.87,32.90,34.28,32.82,100.00K,3.17%
"Feb 09, 2004",32.83,32.35,32.95,32.25,73.77K,1.08%
"Feb 06, 2004",32.48,33.11,33.44,32.32,85.11K,-1.81%
"Feb 05, 2004",33.08,33.19,33.30,32.20,114.24K,-0.06%
"Feb 04, 2004",33.10,34.09,34.45,32.95,103.75K,-2.93%
"Feb 03, 2004",34.10,34.85,35.19,34.07,96.81K,-2.52%
"Feb 02, 2004",34.98,33.20,35.05,32.56,114.74K,5.84%
"Jan 30, 2004",33.05,32.87,33.35,32.71,96.10K,0.73%
"Jan 29, 2004",32.81,33.62,33.80,32.41,112.23K,-2.41%
"Jan 28, 2004",33.62,34.14,34.63,33.35,102.31K,-1.47%
"Jan 27, 2004",34.12,34.45,34.98,33.90,85.98K,-1.02%
"Jan 26, 2004",34.47,34.79,34.79,34.17,75.62K,-1.35%
"Jan 23, 2004",34.94,34.97,35.25,34.65,100.56K,0.03%
"Jan 22, 2004",34.93,34.59,34.95,33.75,117.57K,1.01%
"Jan 21, 2004",34.58,34.79,34.98,34.28,88.52K,-4.48%
"Jan 20, 2004",36.20,34.92,36.37,34.92,57.70K,3.22%
"Jan 16, 2004",35.07,33.50,35.30,33.40,60.35K,4.87%
"Jan 15, 2004",33.44,34.57,35.41,33.27,102.44K,-3.07%
"Jan 14, 2004",34.50,34.30,34.74,34.12,126.27K,0.20%
"Jan 13, 2004",34.43,34.80,35.20,34.34,120.13K,-0.84%
"Jan 12, 2004",34.72,34.35,34.80,33.75,99.68K,1.19%
"Jan 09, 2004",34.31,34.05,34.70,34.05,104.69K,0.97%
"Jan 08, 2004",33.98,33.65,34.00,33.40,92.71K,1.07%
"Jan 07, 2004",33.62,33.68,33.89,33.05,81.68K,-0.24%
"Jan 06, 2004",33.70,33.76,34.35,33.30,103.41K,-0.24%
"Jan 05, 2004",33.78,32.40,33.95,32.27,105.70K,3.87%
"Dec 31, 2003",32.52,32.88,33.20,32.30,66.69K,-0.82%
"Dec 30, 2003",32.79,32.40,33.03,32.38,53.72K,1.20%
"Dec 29, 2003",32.40,32.75,32.75,32.10,46.73K,-1.40%
"Dec 24, 2003",32.86,32.06,33.00,31.88,60.08K,2.85%
"Dec 23, 2003",31.95,31.85,32.00,31.25,59.36K,0.25%
"Dec 22, 2003",31.87,32.90,32.99,31.75,82.03K,-3.48%
"Dec 19, 2003",33.02,33.65,33.93,32.80,36.84K,-2.05%
"Dec 18, 2003",33.71,33.37,33.90,32.90,54.04K,1.08%
"Dec 17, 2003",33.35,32.85,33.77,32.80,45.39K,1.40%
"Dec 16, 2003",32.89,33.17,33.35,32.70,64.23K,-0.87%
"Dec 15, 2003",33.18,32.04,33.32,31.74,97.77K,0.42%
"Dec 12, 2003",33.04,31.97,33.20,31.87,98.95K,3.74%
"Dec 11, 2003",31.85,31.91,32.10,31.35,75.90K,-0.09%
"Dec 10, 2003",31.88,31.71,32.63,31.50,102.94K,0.38%
"Dec 09, 2003",31.76,32.09,32.30,31.60,88.91K,-1.06%
"Dec 08, 2003",32.10,30.66,32.43,30.63,101.29K,4.46%
"Dec 05, 2003",30.73,31.23,31.28,30.68,74.63K,-1.70%
"Dec 04, 2003",31.26,31.10,31.65,30.43,100.18K,0.51%
"Dec 03, 2003",31.10,30.80,31.18,30.35,80.92K,1.04%
"Dec 02, 2003",30.78,29.94,30.97,29.80,95.51K,2.77%
"Dec 01, 2003",29.95,30.26,30.35,29.66,67.10K,-1.51%
"Nov 26, 2003",30.41,29.75,30.45,29.75,81.12K,2.15%
"Nov 25, 2003",29.77,29.90,30.14,29.30,123.18K,0.10%
"Nov 24, 2003",29.74,31.47,31.47,29.65,124.08K,-5.92%
"Nov 21, 2003",31.61,31.75,32.27,31.42,81.96K,-3.80%
"Nov 20, 2003",32.86,32.90,33.55,32.50,54.50K,-0.18%
"Nov 19, 2003",32.92,33.20,33.50,32.70,92.33K,-1.08%
"Nov 18, 2003",33.28,31.67,33.35,31.38,74.24K,4.88%
"Nov 17, 2003",31.73,32.37,32.37,31.53,78.25K,-1.98%
"Nov 14, 2003",32.37,31.90,32.50,31.81,89.47K,1.47%
"Nov 13, 2003",31.90,31.31,31.95,30.95,104.20K,1.82%
"Nov 12, 2003",31.33,31.15,31.35,30.75,92.22K,0.58%
"Nov 11, 2003",31.15,30.92,31.23,30.68,68.44K,0.87%
"Nov 10, 2003",30.88,31.14,31.29,30.63,63.43K,0.10%
"Nov 07, 2003",30.85,30.27,31.14,30.22,96.47K,1.95%
"Nov 06, 2003",30.26,30.25,30.70,29.96,101.79K,-0.13%
"Nov 05, 2003",30.30,28.77,30.38,28.70,126.76K,5.39%
"Nov 04, 2003",28.75,28.77,28.90,28.47,53.56K,-0.52%
"Nov 03, 2003",28.90,29.13,29.55,28.80,62.83K,-0.72%
"Oct 31, 2003",29.11,28.50,29.15,28.47,70.84K,2.25%
"Oct 30, 2003",28.47,28.95,28.98,28.26,94.68K,-1.52%
"Oct 29, 2003",28.91,29.55,29.99,28.80,120.12K,-2.20%
"Oct 28, 2003",29.56,29.88,29.99,29.52,77.44K,-1.20%
"Oct 27, 2003",29.92,30.10,30.32,29.70,66.22K,-0.80%
"Oct 24, 2003",30.16,30.34,30.80,29.88,82.75K,-0.46%
"Oct 23, 2003",30.30,29.92,30.37,29.40,99.01K,1.27%
"Oct 22, 2003",29.92,30.28,30.65,29.87,93.90K,-0.86%
"Oct 21, 2003",30.18,30.33,30.65,30.05,33.46K,-0.56%
"Oct 20, 2003",30.35,30.67,30.67,29.72,38.28K,-1.08%
"Oct 17, 2003",30.68,31.50,31.54,29.90,55.59K,-2.73%
"Oct 16, 2003",31.54,31.77,32.00,31.30,54.04K,-0.72%
"Oct 15, 2003",31.77,31.78,32.05,31.51,47.67K,-0.16%
"Oct 14, 2003",31.82,31.90,32.49,31.50,79.14K,-0.41%
"Oct 13, 2003",31.95,31.97,32.05,31.60,54.87K,-0.06%
"Oct 10, 2003",31.97,31.05,32.60,30.81,105.37K,3.10%
"Oct 09, 2003",31.01,29.80,31.20,29.48,92.47K,4.03%
"Oct 08, 2003",29.81,30.44,30.50,29.45,90.27K,-1.97%
"Oct 07, 2003",30.41,30.47,30.58,30.08,74.84K,-0.20%
"Oct 06, 2003",30.47,30.51,30.80,30.32,63.04K,0.23%
"Oct 03, 2003",30.40,29.82,30.44,29.47,82.09K,1.88%
"Oct 02, 2003",29.84,29.50,29.98,29.31,69.89K,1.53%
"Oct 01, 2003",29.39,29.15,29.43,28.85,87.29K,0.65%
"Sep 30, 2003",29.20,28.38,29.38,28.31,101.28K,2.82%
"Sep 29, 2003",28.40,28.24,28.62,28.24,48.53K,0.85%
"Sep 26, 2003",28.16,28.30,28.37,27.87,53.66K,-0.46%
"Sep 25, 2003",28.29,28.24,28.70,28.18,66.07K,0.18%
"Sep 24, 2003",28.24,27.15,28.59,26.93,108.96K,4.09%
"Sep 23, 2003",27.13,27.15,27.69,27.10,72.92K,0.63%
"Sep 22, 2003",26.96,26.97,27.28,26.75,39.45K,-0.26%
"Sep 19, 2003",27.03,27.14,27.28,26.65,58.55K,-0.52%
"Sep 18, 2003",27.17,27.02,27.30,26.66,59.32K,0.52%
"Sep 17, 2003",27.03,27.56,27.73,26.80,74.60K,-1.92%
"Sep 16, 2003",27.56,28.14,28.25,27.36,67.04K,-2.06%
"Sep 15, 2003",28.14,28.30,28.45,27.85,62.90K,-0.46%
"Sep 12, 2003",28.27,28.85,29.14,27.85,97.63K,-1.91%
"Sep 11, 2003",28.82,29.40,29.52,28.70,66.85K,-1.81%
"Sep 10, 2003",29.35,29.20,29.42,28.60,86.41K,0.58%
"Sep 09, 2003",29.18,28.87,29.25,28.76,64.56K,1.14%
"Sep 08, 2003",28.85,28.93,29.39,28.55,89.49K,-0.10%
"Sep 05, 2003",28.88,28.96,29.10,28.65,61.63K,-0.35%
"Sep 04, 2003",28.98,29.45,29.60,28.51,111.97K,-1.73%
"Sep 03, 2003",29.49,29.50,29.87,29.15,93.34K,0.27%
"Sep 02, 2003",29.41,31.28,31.40,29.25,162.82K,-6.84%
"Aug 29, 2003",31.57,31.45,32.05,31.40,3.81K,0.22%
"Aug 28, 2003",31.50,31.23,31.65,31.12,70.88K,0.93%
"Aug 27, 2003",31.21,31.95,32.07,31.10,84.06K,-2.32%
"Aug 26, 2003",31.95,31.50,32.05,31.35,73.74K,1.24%
"Aug 25, 2003",31.56,31.94,32.30,31.35,61.37K,-0.88%
"Aug 22, 2003",31.84,31.95,32.10,31.70,56.11K,-0.13%
"Aug 21, 2003",31.88,31.00,32.40,31.00,109.83K,3.00%
"Aug 20, 2003",30.95,30.75,31.20,30.44,40.39K,0.81%
"Aug 19, 2003",30.70,30.89,31.08,30.36,67.65K,-0.62%
"Aug 18, 2003",30.89,31.31,31.60,30.80,54.16K,-0.52%
"Aug 15, 2003",31.05,31.20,31.51,30.63,60.48K,-0.13%
"Aug 14, 2003",31.09,30.81,31.15,30.10,95.12K,1.01%
"Aug 13, 2003",30.78,31.88,32.16,30.70,128.09K,-3.57%
"Aug 12, 2003",31.92,32.00,32.35,31.35,118.30K,-0.28%
"Aug 11, 2003",32.01,32.14,32.15,31.83,64.46K,-0.53%
"Aug 08, 2003",32.18,32.39,32.85,31.70,103.58K,-0.65%
"Aug 07, 2003",32.39,31.67,32.44,31.67,90.53K,2.18%
"Aug 06, 2003",31.70,32.27,32.80,31.45,104.57K,-1.61%
"Aug 05, 2003",32.22,31.79,32.49,31.67,70.12K,1.19%
"Aug 04, 2003",31.84,32.15,32.40,31.80,81.26K,-1.45%
"Aug 01, 2003",32.31,30.58,32.38,30.50,124.91K,5.80%
"Jul 31, 2003",30.54,30.70,30.98,30.40,69.19K,-0.46%
"Jul 30, 2003",30.68,30.20,30.80,30.00,79.81K,1.46%
"Jul 29, 2003",30.24,30.10,30.40,29.76,53.71K,0.43%
"Jul 28, 2003",30.11,29.97,30.35,29.60,47.00K,-0.20%
"Jul 25, 2003",30.17,30.21,30.45,29.91,59.91K,-0.17%
"Jul 24, 2003",30.22,29.72,30.25,29.40,74.87K,1.85%
"Jul 23, 2003",29.67,29.47,29.83,29.17,82.77K,-1.72%
"Jul 22, 2003",30.19,31.72,31.73,29.70,48.39K,-5.00%
"Jul 21, 2003",31.78,32.00,32.10,31.25,52.74K,-0.56%
"Jul 18, 2003",31.96,31.44,32.00,31.16,43.67K,1.75%
"Jul 17, 2003",31.41,31.03,31.60,31.00,66.72K,1.16%
"Jul 16, 2003",31.05,31.65,32.05,30.92,96.85K,-1.80%
"Jul 15, 2003",31.62,31.34,31.73,30.95,89.78K,1.12%
"Jul 14, 2003",31.27,31.15,31.42,30.65,72.33K,-0.03%
"Jul 11, 2003",31.28,31.01,31.75,30.90,77.34K,0.71%
"Jul 10, 2003",31.06,30.88,31.60,30.82,93.48K,0.58%
"Jul 09, 2003",30.88,30.22,30.90,30.00,92.23K,2.18%
"Jul 08, 2003",30.22,30.13,30.31,29.52,78.10K,0.30%
"Jul 07, 2003",30.13,30.15,30.25,29.82,50.77K,-0.95%
"Jul 03, 2003",30.42,30.14,30.98,30.07,67.50K,0.90%
"Jul 02, 2003",30.15,30.32,30.70,29.90,63.60K,-0.82%
"Jul 01, 2003",30.40,30.12,30.50,29.70,66.78K,0.70%
"Jun 30, 2003",30.19,29.30,30.21,29.10,74.54K,3.14%
"Jun 27, 2003",29.27,29.01,29.49,28.83,62.79K,0.90%
"Jun 26, 2003",29.01,29.95,30.02,28.86,84.87K,-3.14%
"Jun 25, 2003",29.95,28.78,30.05,28.61,97.94K,4.07%
"Jun 24, 2003",28.78,29.14,29.20,28.53,61.20K,-1.34%
"Jun 23, 2003",29.17,29.53,29.76,28.86,57.35K,-5.35%
"Jun 20, 2003",30.82,29.88,30.95,29.85,43.78K,2.87%
"Jun 19, 2003",29.96,30.32,30.33,29.70,54.08K,-1.32%
"Jun 18, 2003",30.36,31.05,31.08,29.80,61.96K,-2.29%
"Jun 17, 2003",31.07,31.13,31.35,30.80,52.18K,-0.35%
"Jun 16, 2003",31.18,30.50,31.25,30.43,73.46K,1.73%
"Jun 13, 2003",30.65,31.51,31.56,29.85,93.75K,-2.73%
"Jun 12, 2003",31.51,32.12,32.27,31.36,80.84K,-2.63%
"Jun 11, 2003",32.36,31.75,32.50,31.46,89.79K,1.99%
"Jun 10, 2003",31.73,31.40,31.76,30.90,72.43K,0.89%
"Jun 09, 2003",31.45,31.28,31.85,30.79,70.20K,0.54%
"Jun 06, 2003",31.28,30.78,31.30,30.65,71.45K,1.76%
"Jun 05, 2003",30.74,30.05,30.82,29.65,81.56K,2.30%
"Jun 04, 2003",30.05,30.78,31.00,29.90,96.89K,-2.02%
"Jun 03, 2003",30.67,30.65,30.86,30.33,59.00K,-0.13%
"Jun 02, 2003",30.71,29.49,30.84,29.49,90.95K,3.89%
"May 30, 2003",29.56,29.02,29.65,29.02,64.26K,1.58%
"May 29, 2003",29.10,28.56,29.38,28.27,90.66K,1.82%
"May 28, 2003",28.58,29.26,29.32,28.47,60.40K,-2.62%
"May 27, 2003",29.35,29.16,29.63,28.55,82.03K,0.65%
"May 23, 2003",29.16,28.86,29.45,28.75,43.79K,1.07%
"May 22, 2003",28.85,29.04,29.04,28.38,69.16K,-0.62%
"May 21, 2003",29.03,28.35,29.60,28.30,101.80K,-0.85%
"May 20, 2003",29.28,28.85,29.45,28.51,60.67K,1.56%
"May 19, 2003",28.83,29.16,29.48,28.52,73.84K,-1.06%
"May 16, 2003",29.14,28.60,29.20,28.25,57.53K,1.39%
"May 15, 2003",28.74,29.21,29.48,28.50,84.18K,-1.47%
"May 14, 2003",29.17,28.45,29.35,27.95,97.03K,2.35%
"May 13, 2003",28.50,27.40,28.55,27.26,82.52K,4.20%
"May 12, 2003",27.35,27.59,28.45,27.22,91.93K,-1.33%
"May 09, 2003",27.72,26.98,27.95,26.86,92.48K,2.74%
"May 08, 2003",26.98,26.23,27.35,26.00,114.42K,2.86%
"May 07, 2003",26.23,25.70,26.35,25.50,80.45K,1.98%
"May 06, 2003",25.72,26.51,26.51,25.46,82.88K,-2.91%
"May 05, 2003",26.49,25.52,26.53,25.50,64.68K,3.19%
"May 02, 2003",25.67,26.10,26.60,25.42,76.39K,-1.38%
"May 01, 2003",26.03,25.95,26.38,25.80,63.78K,0.89%
"Apr 30, 2003",25.80,25.27,26.50,25.25,106.19K,2.22%
"Apr 29, 2003",25.24,25.35,25.55,25.04,67.75K,-0.98%
"Apr 28, 2003",25.49,26.20,26.20,25.30,72.99K,-2.93%
"Apr 25, 2003",26.26,26.68,27.05,26.00,78.21K,-1.43%
"Apr 24, 2003",26.64,26.60,26.94,25.61,101.50K,-0.04%
"Apr 23, 2003",26.65,27.90,28.22,26.36,103.20K,-10.90%
"Apr 22, 2003",29.91,30.80,30.85,29.60,49.33K,-3.11%
"Apr 21, 2003",30.87,30.25,31.25,30.06,44.30K,1.05%
"Apr 17, 2003",30.55,29.10,30.65,29.10,52.78K,4.69%
"Apr 16, 2003",29.18,29.31,29.65,28.52,75.18K,-0.38%
"Apr 15, 2003",29.29,28.55,29.44,28.28,67.84K,2.31%
"Apr 14, 2003",28.63,28.15,28.65,27.57,62.49K,1.74%
"Apr 11, 2003",28.14,27.47,28.25,27.02,67.67K,2.48%
"Apr 10, 2003",27.46,28.85,28.92,27.30,87.44K,-4.82%
"Apr 09, 2003",28.85,28.10,28.95,27.78,69.05K,3.04%
"Apr 08, 2003",28.00,27.89,28.38,27.31,59.96K,0.14%
"Apr 07, 2003",27.96,28.00,28.70,27.15,64.67K,-2.31%
"Apr 04, 2003",28.62,28.98,29.07,27.82,56.57K,-1.21%
"Apr 03, 2003",28.97,28.50,29.24,27.66,63.35K,1.44%
"Apr 02, 2003",28.56,29.78,29.83,28.18,66.96K,-4.10%
"Apr 01, 2003",29.78,31.16,31.32,29.58,61.23K,-4.06%
"Mar 31, 2003",31.04,30.24,31.30,30.07,46.66K,2.92%
"Mar 28, 2003",30.16,30.40,31.05,29.85,62.05K,-0.69%
"Mar 27, 2003",30.37,28.73,30.45,28.55,76.33K,6.08%
"Mar 26, 2003",28.63,28.10,28.95,28.06,73.97K,2.36%
"Mar 25, 2003",27.97,28.65,29.70,27.80,91.29K,-2.41%
"Mar 24, 2003",28.66,27.37,28.90,27.21,71.67K,6.50%
"Mar 21, 2003",26.91,28.25,28.62,26.30,99.96K,-5.94%
"Mar 20, 2003",28.61,29.85,30.60,28.00,26.35K,-4.25%
"Mar 19, 2003",29.88,31.77,32.42,29.50,55.44K,-5.65%
"Mar 18, 2003",31.67,34.84,34.97,31.40,63.35K,-9.33%
"Mar 17, 2003",34.93,35.98,36.95,34.00,90.02K,-1.27%
"Mar 14, 2003",35.38,36.13,36.22,33.85,97.94K,-1.75%
"Mar 13, 2003",36.01,37.85,38.14,35.75,97.04K,-4.81%
"Mar 12, 2003",37.83,36.76,37.95,36.17,90.44K,3.02%
"Mar 11, 2003",36.72,37.25,37.45,36.33,86.10K,-1.48%
"Mar 10, 2003",37.27,37.78,38.20,37.10,77.50K,-1.35%
"Mar 07, 2003",37.78,37.10,37.84,36.80,76.89K,2.11%
"Mar 06, 2003",37.00,36.81,37.20,36.50,61.13K,0.84%
"Mar 05, 2003",36.69,36.90,37.48,35.90,87.73K,-0.54%
"Mar 04, 2003",36.89,35.92,37.18,35.92,81.81K,2.81%
"Mar 03, 2003",35.88,36.45,36.45,35.36,68.66K,-1.97%
"Feb 28, 2003",36.60,37.22,37.55,36.30,95.70K,-1.61%
"Feb 27, 2003",37.20,37.80,39.99,37.10,158.96K,-1.33%
"Feb 26, 2003",37.70,36.06,37.93,35.96,122.30K,4.55%
"Feb 25, 2003",36.06,36.53,37.10,35.90,111.12K,-1.15%
"Feb 24, 2003",36.48,35.47,36.52,35.47,71.13K,2.53%
"Feb 21, 2003",35.58,34.80,35.95,34.70,76.70K,-3.29%
"Feb 20, 2003",36.79,37.21,37.55,36.10,50.52K,-1.00%
"Feb 19, 2003",37.16,36.71,37.45,36.36,61.38K,0.54%
"Feb 18, 2003",36.96,36.38,37.05,36.00,47.15K,0.43%
"Feb 14, 2003",36.80,36.49,36.85,35.88,86.11K,1.21%
"Feb 13, 2003",36.36,35.70,36.40,35.70,95.54K,1.65%
"Feb 12, 2003",35.77,35.40,35.95,35.10,113.20K,0.93%
"Feb 11, 2003",35.44,34.55,35.60,34.34,95.20K,2.78%
"Feb 10, 2003",34.48,34.90,35.38,34.30,90.53K,-1.82%
"Feb 07, 2003",35.12,34.12,35.25,34.12,99.48K,2.81%
"Feb 06, 2003",34.16,33.93,34.45,33.78,85.55K,0.68%
"Feb 05, 2003",33.93,33.53,34.28,33.12,88.32K,1.04%
"Feb 04, 2003",33.58,32.76,33.72,32.55,81.57K,2.50%
"Feb 03, 2003",32.76,33.33,33.47,32.65,74.75K,-2.24%
"Jan 31, 2003",33.51,33.88,33.88,33.32,92.52K,-1.00%
"Jan 30, 2003",33.85,33.63,33.95,33.34,61.89K,0.65%
"Jan 29, 2003",33.63,32.73,33.85,32.30,98.10K,2.94%
"Jan 28, 2003",32.67,32.39,32.84,32.29,56.61K,1.18%
"Jan 27, 2003",32.29,33.34,33.53,32.25,88.86K,-2.97%
"Jan 24, 2003",33.28,32.25,33.40,32.11,95.52K,3.19%
"Jan 23, 2003",32.25,32.86,33.00,31.90,109.02K,-1.83%
"Jan 22, 2003",32.85,33.05,33.44,32.65,84.59K,-5.09%
"Jan 21, 2003",34.61,33.76,35.20,33.38,67.09K,2.06%
"Jan 17, 2003",33.91,33.65,34.00,32.90,73.64K,0.74%
"Jan 16, 2003",33.66,33.15,33.98,33.00,71.77K,1.36%
"Jan 15, 2003",33.21,32.40,33.29,32.28,111.65K,2.59%
"Jan 14, 2003",32.37,32.25,32.90,31.88,114.00K,0.34%
"Jan 13, 2003",32.26,31.30,32.38,31.13,90.73K,1.83%
"Jan 10, 2003",31.68,31.99,32.38,31.35,98.56K,-0.97%
"Jan 09, 2003",31.99,30.60,32.05,30.47,111.72K,4.68%
"Jan 08, 2003",30.56,31.05,31.30,29.75,108.04K,-1.67%
"Jan 07, 2003",31.08,32.11,32.40,30.51,124.28K,-3.18%
"Jan 06, 2003",32.10,33.08,33.33,31.91,98.25K,-2.96%
"Jan 03, 2003",33.08,31.98,33.25,31.90,68.42K,3.86%
"Jan 02, 2003",31.85,31.60,32.09,31.40,62.48K,2.08%
"Dec 31, 2002",31.20,31.40,31.67,30.05,58.72K,-0.54%
"Dec 30, 2002",31.37,32.75,33.65,31.14,82.02K,-4.13%
"Dec 27, 2002",32.72,32.58,32.76,32.05,61.58K,0.71%
"Dec 26, 2002",32.49,31.63,32.55,31.42,41.15K,1.63%
"Dec 24, 2002",31.97,31.85,32.03,31.62,34.81K,0.69%
"Dec 23, 2002",31.75,30.41,31.95,30.41,68.87K,4.79%
"Dec 20, 2002",30.30,30.25,30.38,29.86,83.45K,-0.85%
"Dec 19, 2002",30.56,30.40,31.10,30.15,36.63K,0.39%
"Dec 18, 2002",30.44,30.40,31.25,29.75,64.16K,1.13%
"Dec 17, 2002",30.10,30.05,30.25,29.75,79.69K,0.00%
"Dec 16, 2002",30.10,28.62,30.17,28.61,98.13K,5.84%
"Dec 13, 2002",28.44,27.95,28.65,27.95,96.77K,1.54%
"Dec 12, 2002",28.01,27.43,28.22,27.39,103.96K,2.23%
"Dec 11, 2002",27.40,27.75,27.97,27.30,84.58K,-1.23%
"Dec 10, 2002",27.74,27.25,27.90,26.75,128.67K,1.99%
"Dec 09, 2002",27.20,27.10,27.43,27.00,66.65K,1.00%
"Dec 06, 2002",26.93,27.34,27.50,26.82,78.57K,-1.32%
"Dec 05, 2002",27.29,26.71,27.45,26.71,68.10K,2.17%
"Dec 04, 2002",26.71,27.32,27.59,26.57,113.98K,-2.16%
"Dec 03, 2002",27.30,27.25,27.71,27.10,90.64K,0.22%
"Dec 02, 2002",27.24,26.90,27.45,26.70,92.48K,1.30%
"Nov 27, 2002",26.89,26.40,26.96,26.32,74.07K,1.86%
"Nov 26, 2002",26.40,26.09,26.50,26.04,58.89K,1.11%
"Nov 25, 2002",26.11,26.85,27.12,26.08,81.34K,-2.43%
"Nov 22, 2002",26.76,26.34,26.84,26.20,74.62K,1.56%
"Nov 21, 2002",26.35,26.08,26.55,26.05,83.34K,-2.34%
"Nov 20, 2002",26.98,26.36,27.25,26.30,41.93K,2.12%
"Nov 19, 2002",26.42,26.65,27.08,26.35,3.54K,-1.09%
"Nov 18, 2002",26.71,25.53,26.75,25.52,83.91K,4.70%
"Nov 15, 2002",25.51,25.35,25.58,25.10,67.56K,0.87%
"Nov 14, 2002",25.29,25.20,25.50,24.85,97.83K,0.40%
"Nov 13, 2002",25.19,25.90,26.26,24.82,116.92K,-2.74%
"Nov 12, 2002",25.90,25.96,26.20,25.76,77.59K,-0.15%
"Nov 11, 2002",25.94,25.70,26.50,25.67,91.12K,0.62%
"Nov 08, 2002",25.78,25.34,25.95,25.16,102.52K,1.58%
"Nov 07, 2002",25.38,25.73,26.50,25.25,102.20K,-1.51%
"Nov 06, 2002",25.77,26.14,26.34,25.55,109.43K,-1.42%
"Nov 05, 2002",26.14,26.89,27.00,26.08,99.40K,-3.01%
"Nov 04, 2002",26.95,26.97,27.40,26.66,101.82K,-0.66%
"Nov 01, 2002",27.13,27.20,27.56,26.95,87.32K,-0.33%
"Oct 31, 2002",27.22,26.83,27.35,26.77,73.56K,1.53%
"Oct 30, 2002",26.81,26.72,27.29,26.53,107.85K,-0.19%
"Oct 29, 2002",26.86,27.22,27.35,26.80,70.21K,-1.58%
"Oct 28, 2002",27.29,27.12,27.43,26.62,103.27K,0.89%
"Oct 25, 2002",27.05,28.15,28.30,26.90,140.63K,-4.08%
"Oct 24, 2002",28.20,28.18,28.45,28.05,71.18K,0.07%
"Oct 23, 2002",28.18,28.09,28.39,27.85,91.97K,0.93%
"Oct 22, 2002",27.92,28.37,28.41,27.75,44.47K,-1.59%
"Oct 21, 2002",28.37,29.42,29.50,28.22,61.97K,-4.16%
"Oct 18, 2002",29.60,29.65,29.71,29.28,45.14K,-0.07%
"Oct 17, 2002",29.62,29.45,29.77,29.05,61.63K,0.51%
"Oct 16, 2002",29.47,29.67,29.87,29.18,60.92K,-0.84%
"Oct 15, 2002",29.72,30.01,30.20,29.58,71.54K,-1.03%
"Oct 14, 2002",30.03,29.45,30.17,29.20,83.16K,2.25%
"Oct 11, 2002",29.37,29.00,29.40,28.80,68.09K,1.38%
"Oct 10, 2002",28.97,29.36,29.50,28.52,91.01K,-1.29%
"Oct 09, 2002",29.35,29.50,29.78,29.26,74.57K,-0.44%
"Oct 08, 2002",29.48,29.73,29.79,29.03,87.76K,-0.54%
"Oct 07, 2002",29.64,29.72,30.10,29.40,69.62K,0.07%
"Oct 04, 2002",29.62,29.74,29.95,29.35,87.63K,-0.47%
"Oct 03, 2002",29.76,30.43,30.66,29.60,103.43K,-2.39%
"Oct 02, 2002",30.49,30.82,31.05,30.20,100.87K,-1.10%
"Oct 01, 2002",30.83,30.45,31.18,30.45,97.93K,1.25%
"Sep 30, 2002",30.45,30.71,30.94,30.40,68.29K,-0.29%
"Sep 27, 2002",30.54,30.39,30.75,30.15,76.30K,0.43%
"Sep 26, 2002",30.41,30.66,30.95,30.06,76.28K,-0.75%
"Sep 25, 2002",30.64,30.71,30.90,30.30,80.28K,-0.42%
"Sep 24, 2002",30.77,30.73,31.39,30.64,94.15K,0.20%
"Sep 23, 2002",30.71,30.00,30.93,30.00,88.67K,3.71%
"Sep 20, 2002",29.61,29.50,30.00,29.45,39.64K,0.37%
"Sep 19, 2002",29.50,29.48,29.75,29.16,48.81K,0.07%
"Sep 18, 2002",29.48,29.06,29.75,29.06,45.42K,1.38%
"Sep 17, 2002",29.08,29.60,29.60,28.24,85.89K,-1.99%
"Sep 16, 2002",29.67,29.78,29.93,29.32,64.20K,-0.47%
"Sep 13, 2002",29.81,28.95,29.90,28.83,93.35K,3.33%
"Sep 12, 2002",28.85,29.77,29.92,28.64,114.01K,-3.09%
"Sep 11, 2002",29.77,29.66,29.97,29.54,52.31K,0.13%
"Sep 10, 2002",29.73,29.78,30.20,29.65,88.23K,0.00%
"Sep 09, 2002",29.73,29.57,30.20,29.31,71.40K,0.41%
"Sep 06, 2002",29.61,29.01,30.19,28.94,97.86K,2.17%
"Sep 05, 2002",28.98,28.34,29.00,28.26,75.15K,2.51%
"Sep 04, 2002",28.27,27.79,28.55,27.62,6.76K,1.73%
"Sep 03, 2002",27.79,29.00,29.00,27.70,108.09K,-4.11%
"Aug 30, 2002",28.98,28.87,29.08,28.67,54.32K,0.21%
"Aug 29, 2002",28.92,28.37,28.98,28.15,74.52K,2.05%
"Aug 28, 2002",28.34,28.87,29.00,28.17,96.65K,-1.70%
"Aug 27, 2002",28.83,29.25,29.65,28.68,107.53K,-1.54%
"Aug 26, 2002",29.28,28.68,29.49,28.61,77.47K,2.27%
"Aug 23, 2002",28.63,28.85,28.85,28.45,68.06K,-0.73%
"Aug 22, 2002",28.84,29.22,29.39,28.80,65.78K,-1.37%
"Aug 21, 2002",29.24,28.65,29.62,28.34,112.19K,-2.89%
"Aug 20, 2002",30.11,29.83,30.32,29.60,58.76K,0.90%
"Aug 19, 2002",29.84,29.31,29.95,29.07,71.75K,1.74%
"Aug 16, 2002",29.33,29.00,29.45,28.75,71.32K,0.93%
"Aug 15, 2002",29.06,28.22,29.10,28.02,88.69K,3.23%
"Aug 14, 2002",28.15,27.93,28.49,27.82,86.36K,0.90%
"Aug 13, 2002",27.90,27.79,28.10,27.65,84.88K,0.14%
"Aug 12, 2002",27.86,26.90,27.96,26.48,115.67K,3.72%
"Aug 09, 2002",26.86,26.70,26.95,26.45,63.83K,0.71%
"Aug 08, 2002",26.67,26.45,26.83,26.28,67.36K,0.64%
"Aug 07, 2002",26.50,27.17,27.38,26.25,98.45K,-2.47%
"Aug 06, 2002",27.17,26.50,27.19,26.45,70.00K,2.22%
"Aug 05, 2002",26.58,26.83,27.02,26.32,57.86K,-0.97%
"Aug 02, 2002",26.84,26.47,26.89,26.00,86.75K,1.40%
"Aug 01, 2002",26.47,27.00,27.20,26.42,90.20K,-2.04%
"Jul 31, 2002",27.02,27.40,27.67,26.95,80.32K,-1.24%
"Jul 30, 2002",27.36,26.52,27.54,26.46,99.52K,3.05%
"Jul 29, 2002",26.55,26.52,26.66,26.32,40.50K,0.04%
"Jul 26, 2002",26.54,26.68,26.71,26.17,77.21K,-0.86%
"Jul 25, 2002",26.77,26.85,27.01,26.50,77.08K,-0.37%
"Jul 24, 2002",26.87,26.34,26.94,25.95,119.30K,2.13%
"Jul 23, 2002",26.31,26.74,26.90,26.25,95.99K,-1.09%
"Jul 22, 2002",26.60,27.75,27.75,26.27,48.48K,-4.42%
"Jul 19, 2002",27.83,27.52,27.90,27.15,52.89K,0.94%
"Jul 18, 2002",27.57,27.92,28.08,27.42,47.75K,-1.11%
"Jul 17, 2002",27.88,27.72,28.10,27.40,95.72K,0.47%
"Jul 16, 2002",27.75,27.02,27.83,26.90,91.32K,2.51%
"Jul 15, 2002",27.07,27.60,27.98,27.02,82.13K,-1.49%
"Jul 12, 2002",27.48,26.83,27.50,26.83,79.86K,2.42%
"Jul 11, 2002",26.83,26.74,27.00,26.61,68.63K,0.22%
"Jul 10, 2002",26.77,26.09,27.08,26.08,97.91K,2.61%
"Jul 09, 2002",26.09,26.10,26.20,25.73,84.85K,0.08%
"Jul 08, 2002",26.07,26.77,26.86,25.90,75.61K,-2.72%
"Jul 03, 2002",26.80,26.80,26.95,26.38,62.87K,0.11%
"Jul 02, 2002",26.77,26.82,27.15,26.63,64.64K,-0.15%
"Jul 01, 2002",26.81,26.89,27.15,26.61,43.85K,-0.19%
"Jun 28, 2002",26.86,26.81,26.99,26.33,76.10K,0.00%
"Jun 27, 2002",26.86,26.75,26.99,26.53,83.72K,0.37%
"Jun 26, 2002",26.76,26.34,26.85,25.85,113.25K,1.67%
"Jun 25, 2002",26.32,26.60,27.05,26.28,92.02K,-0.57%
"Jun 24, 2002",26.47,25.70,26.68,25.70,84.38K,2.52%
"Jun 21, 2002",25.82,25.95,26.40,25.21,117.30K,1.14%
"Jun 20, 2002",25.53,25.31,25.70,25.10,37.25K,0.87%
"Jun 19, 2002",25.31,25.37,25.97,25.20,58.78K,-0.47%
"Jun 18, 2002",25.43,26.00,26.15,25.37,54.33K,-2.53%
"Jun 17, 2002",26.09,26.03,26.50,26.03,62.02K,0.58%
"Jun 14, 2002",25.94,25.63,26.03,25.20,77.90K,1.17%
"Jun 13, 2002",25.64,24.68,25.75,24.64,96.30K,4.06%
"Jun 12, 2002",24.64,24.11,24.82,24.11,80.44K,2.16%
"Jun 11, 2002",24.12,24.25,24.37,23.80,78.48K,-0.70%
"Jun 10, 2002",24.29,24.51,24.70,24.20,64.61K,-1.86%
"Jun 07, 2002",24.75,24.88,24.99,24.45,62.47K,-0.16%
"Jun 06, 2002",24.79,24.92,25.40,24.20,102.81K,-0.40%
"Jun 05, 2002",24.89,25.30,25.35,24.65,71.89K,-1.74%
"Jun 04, 2002",25.33,25.05,25.47,25.00,59.61K,1.00%
"Jun 03, 2002",25.08,25.26,25.44,24.85,46.56K,-0.91%
"May 31, 2002",25.31,24.74,25.48,24.68,91.77K,2.59%
"May 30, 2002",24.67,25.70,25.70,24.40,93.62K,-4.23%
"May 29, 2002",25.76,25.20,25.80,24.77,81.99K,1.94%
"May 28, 2002",25.27,25.75,25.83,25.18,75.32K,-2.36%
"May 24, 2002",25.88,26.15,26.28,25.45,75.88K,-1.03%
"May 23, 2002",26.15,26.43,26.80,26.03,90.71K,-0.83%
"May 22, 2002",26.37,26.35,26.72,26.15,94.51K,-3.51%
"May 21, 2002",27.33,28.23,28.25,27.00,46.57K,-3.53%
"May 20, 2002",28.33,28.20,28.54,27.78,59.72K,0.53%
"May 17, 2002",28.18,27.98,28.25,27.10,51.14K,0.82%
"May 16, 2002",27.95,28.26,28.55,27.20,93.92K,-0.71%
"May 15, 2002",28.15,29.28,29.54,27.90,94.53K,-4.12%
"May 14, 2002",29.36,28.41,29.45,28.40,92.83K,3.45%
"May 13, 2002",28.38,27.75,28.44,27.35,79.15K,1.39%
"May 10, 2002",27.99,27.72,28.27,27.68,81.06K,1.12%
"May 09, 2002",27.68,27.75,28.20,27.27,99.31K,-0.61%
"May 08, 2002",27.85,26.63,28.05,26.60,131.47K,4.58%
"May 07, 2002",26.63,26.15,26.73,25.90,102.46K,1.95%
"May 06, 2002",26.12,26.31,26.32,25.62,66.35K,-1.88%
"May 03, 2002",26.62,26.30,26.70,25.93,77.34K,1.45%
"May 02, 2002",26.24,26.75,26.75,25.55,115.26K,-1.91%
"May 01, 2002",26.75,27.25,27.39,26.60,82.54K,-1.98%
"Apr 30, 2002",27.29,27.50,27.60,27.07,91.60K,-1.02%
"Apr 29, 2002",27.57,26.92,27.64,26.65,74.73K,1.70%
"Apr 26, 2002",27.11,26.43,27.15,26.01,66.18K,1.42%
"Apr 25, 2002",26.73,26.43,27.20,26.01,91.41K,1.33%
"Apr 24, 2002",26.38,26.60,26.68,25.90,71.28K,-0.90%
"Apr 23, 2002",26.62,26.39,26.88,26.28,84.74K,1.33%
"Apr 22, 2002",26.27,26.40,26.80,25.78,42.02K,-0.42%
"Apr 19, 2002",26.38,26.15,26.50,25.55,43.79K,0.76%
"Apr 18, 2002",26.18,25.91,26.65,25.85,53.06K,0.93%
"Apr 17, 2002",25.94,24.83,25.99,24.80,77.86K,4.81%
"Apr 16, 2002",24.75,24.55,25.15,24.40,63.75K,0.73%
"Apr 15, 2002",24.57,24.25,24.60,23.60,92.00K,4.69%
"Apr 12, 2002",23.47,25.00,25.12,23.31,107.58K,-6.08%
"Apr 11, 2002",24.99,26.10,26.17,24.92,91.63K,-4.36%
"Apr 10, 2002",26.13,25.81,26.30,25.30,78.86K,1.20%
"Apr 09, 2002",25.82,26.57,26.67,25.62,85.39K,-2.71%
"Apr 08, 2002",26.54,26.40,27.23,26.27,89.70K,1.26%
"Apr 05, 2002",26.21,26.55,27.18,25.05,128.12K,-1.39%
"Apr 04, 2002",26.58,27.54,28.35,26.45,124.69K,-3.56%
"Apr 03, 2002",27.56,27.71,27.76,27.15,67.83K,-0.54%
"Apr 02, 2002",27.71,26.79,28.10,26.79,96.82K,3.09%
"Apr 01, 2002",26.88,26.46,27.40,26.46,75.57K,2.17%
"Mar 28, 2002",26.31,25.83,26.38,25.58,94.04K,1.70%
"Mar 27, 2002",25.87,25.35,25.95,24.81,70.57K,2.01%
"Mar 26, 2002",25.36,25.35,25.45,24.73,68.56K,1.48%
"Mar 25, 2002",24.99,25.35,25.35,24.70,62.98K,-1.42%
"Mar 22, 2002",25.35,25.63,25.85,25.20,72.81K,-1.02%
"Mar 21, 2002",25.61,24.95,25.64,24.60,84.39K,2.85%
"Mar 20, 2002",24.90,25.05,25.62,24.70,41.03K,0.08%
"Mar 19, 2002",24.88,25.05,25.25,24.70,45.52K,-0.92%
"Mar 18, 2002",25.11,24.40,25.20,24.11,53.76K,2.45%
"Mar 15, 2002",24.51,24.55,24.75,24.17,70.85K,-0.20%
"Mar 14, 2002",24.56,24.10,24.65,23.73,77.02K,1.66%
"Mar 13, 2002",24.16,24.20,24.65,23.90,92.39K,-0.17%
"Mar 12, 2002",24.20,24.35,24.39,23.65,79.37K,-0.45%
"Mar 11, 2002",24.31,23.87,24.55,23.83,72.02K,1.97%
"Mar 08, 2002",23.84,23.71,23.95,23.15,83.04K,0.55%
"Mar 07, 2002",23.71,23.20,24.75,23.20,139.18K,2.42%
"Mar 06, 2002",23.15,23.19,23.45,22.70,81.72K,-0.09%
"Mar 05, 2002",23.17,22.51,23.35,22.45,93.35K,3.21%
"Mar 04, 2002",22.45,22.43,22.60,22.13,63.68K,0.22%
"Mar 01, 2002",22.40,21.80,22.80,21.62,122.52K,3.04%
"Feb 28, 2002",21.74,21.28,21.85,21.08,92.96K,2.11%
"Feb 27, 2002",21.29,21.45,21.79,21.15,99.21K,-0.56%
"Feb 26, 2002",21.41,20.47,21.55,20.37,88.21K,4.54%
"Feb 25, 2002",20.48,21.00,21.17,20.42,67.27K,-2.80%
"Feb 22, 2002",21.07,21.00,21.25,20.75,54.62K,0.57%
"Feb 21, 2002",20.95,20.44,21.30,20.30,83.27K,3.25%
"Feb 20, 2002",20.29,20.90,20.90,20.15,51.72K,-2.83%
"Feb 19, 2002",20.88,21.22,21.22,20.85,53.80K,-2.88%
"Feb 15, 2002",21.50,21.25,21.55,21.00,57.21K,1.27%
"Feb 14, 2002",21.23,21.18,21.60,21.05,69.43K,0.24%
"Feb 13, 2002",21.18,20.58,21.75,20.31,99.17K,2.17%
"Feb 12, 2002",20.73,21.36,21.50,20.67,83.74K,-3.18%
"Feb 11, 2002",21.41,20.27,21.60,19.96,89.21K,5.68%
"Feb 08, 2002",20.26,19.71,20.28,19.65,74.75K,3.16%
"Feb 07, 2002",19.64,19.70,19.79,19.27,68.28K,-0.71%
"Feb 06, 2002",19.78,20.01,20.35,19.75,79.32K,-1.44%
"Feb 05, 2002",20.07,20.00,20.10,19.73,60.42K,0.00%
"Feb 04, 2002",20.07,20.34,20.36,19.93,59.64K,-1.52%
"Feb 01, 2002",20.38,19.47,20.55,19.09,123.00K,4.62%
"Jan 31, 2002",19.48,19.14,19.50,18.95,73.52K,2.10%
"Jan 30, 2002",19.08,19.58,19.61,18.56,93.92K,-2.55%
"Jan 29, 2002",19.58,19.95,20.12,19.48,67.14K,-2.34%
"Jan 28, 2002",20.05,20.06,20.37,19.81,75.27K,0.30%
"Jan 25, 2002",19.99,19.73,20.17,19.28,77.99K,1.47%
"Jan 24, 2002",19.70,19.48,19.88,19.17,83.91K,1.03%
"Jan 23, 2002",19.50,18.98,19.70,18.98,77.79K,6.32%
"Jan 22, 2002",18.34,18.05,18.76,18.00,47.44K,1.89%
"Jan 18, 2002",18.00,18.03,18.50,17.90,45.38K,0.17%
"Jan 17, 2002",17.97,19.05,19.15,17.85,67.45K,-4.72%
"Jan 16, 2002",18.86,18.86,19.20,18.29,84.39K,-0.21%
"Jan 15, 2002",18.90,18.85,19.43,18.76,72.23K,0.05%
"Jan 14, 2002",18.89,19.68,19.77,18.65,89.43K,-4.01%
"Jan 11, 2002",19.68,20.48,20.58,19.60,65.81K,-3.43%
"Jan 10, 2002",20.38,20.17,20.45,19.85,69.79K,0.99%
"Jan 09, 2002",20.18,21.25,21.35,20.11,98.41K,-5.04%
"Jan 08, 2002",21.25,21.45,21.50,20.97,59.54K,-1.07%
"Jan 07, 2002",21.48,21.53,22.00,21.20,64.08K,-0.65%
"Jan 04, 2002",21.62,20.41,21.70,20.40,84.83K,6.14%
"Jan 03, 2002",20.37,21.04,21.23,19.72,64.01K,-3.05%
"Jan 02, 2002",21.01,19.90,21.05,19.72,69.56K,5.90%
"Dec 31, 2001",19.84,20.36,20.44,19.66,36.40K,-2.79%
"Dec 28, 2001",20.41,20.85,21.50,20.38,58.33K,-2.34%
"Dec 27, 2001",20.90,21.10,21.30,20.32,49.65K,-1.74%
"Dec 26, 2001",21.27,19.64,21.43,19.64,61.26K,8.41%
"Dec 21, 2001",19.62,19.24,19.75,19.20,2.93K,1.76%
"Dec 20, 2001",19.28,19.79,20.15,19.17,67.60K,-2.63%
"Dec 19, 2001",19.80,19.46,20.18,19.43,70.96K,2.27%
"Dec 18, 2001",19.36,19.15,19.50,19.07,45.59K,0.73%
"Dec 17, 2001",19.22,19.23,19.58,18.79,62.71K,-0.05%
"Dec 14, 2001",19.23,18.15,19.25,18.12,69.87K,6.13%
"Dec 13, 2001",18.12,18.41,18.55,17.80,80.71K,-1.31%
"Dec 12, 2001",18.36,18.05,18.85,17.90,80.62K,1.55%
"Dec 11, 2001",18.08,18.30,18.45,17.92,66.89K,-1.58%
"Dec 10, 2001",18.37,18.57,19.23,18.15,61.04K,-3.52%
"Dec 07, 2001",19.04,18.40,19.09,17.92,73.26K,2.70%
"Dec 06, 2001",18.54,19.47,19.55,18.20,80.18K,-4.87%
"Dec 05, 2001",19.49,20.15,20.78,19.30,72.55K,-0.81%
"Dec 04, 2001",19.65,20.12,20.35,19.30,76.99K,-2.19%
"Dec 03, 2001",20.09,19.40,20.50,19.02,80.89K,3.34%
"Nov 30, 2001",19.44,18.60,19.55,18.40,71.68K,4.40%
"Nov 29, 2001",18.62,19.14,19.40,18.51,61.75K,-3.12%
"Nov 28, 2001",19.22,19.55,19.65,18.96,91.76K,-1.33%
"Nov 27, 2001",19.48,18.68,19.80,18.55,88.16K,4.23%
"Nov 26, 2001",18.69,19.36,19.36,18.35,53.66K,-1.42%
"Nov 21, 2001",18.96,19.08,19.55,18.80,68.38K,-0.99%
"Nov 20, 2001",19.15,18.46,19.56,18.27,77.04K,8.07%
"Nov 19, 2001",17.72,18.30,18.30,16.70,46.30K,-1.72%
"Nov 16, 2001",18.03,17.30,18.25,17.30,66.72K,3.32%
"Nov 15, 2001",17.45,19.80,19.80,17.15,86.46K,-11.60%
"Nov 14, 2001",19.74,21.60,21.60,19.55,126.80K,-8.91%
"Nov 13, 2001",21.67,21.21,21.97,20.90,89.42K,2.07%
"Nov 12, 2001",21.23,22.40,22.62,20.70,86.55K,-4.46%
"Nov 09, 2001",22.22,21.05,22.41,21.05,92.71K,4.96%
"Nov 08, 2001",21.17,20.13,21.29,20.11,88.97K,5.38%
"Nov 07, 2001",20.09,19.87,20.35,19.68,61.74K,0.85%
"Nov 06, 2001",19.92,19.95,20.09,19.56,63.12K,-0.50%
"Nov 05, 2001",20.02,20.18,20.45,19.75,54.90K,-0.79%
"Nov 02, 2001",20.18,20.35,20.61,19.69,84.10K,-1.03%
"Nov 01, 2001",20.39,21.26,21.45,20.35,82.00K,-3.73%
"Oct 31, 2001",21.18,21.84,21.92,20.80,96.59K,-3.16%
"Oct 30, 2001",21.87,22.09,22.22,21.85,56.50K,-1.26%
"Oct 29, 2001",22.15,22.19,22.55,21.93,60.31K,0.54%
"Oct 26, 2001",22.03,21.98,22.25,21.83,53.17K,0.09%
"Oct 25, 2001",22.01,22.21,22.60,21.99,59.01K,-1.43%
"Oct 24, 2001",22.33,21.83,22.45,21.41,83.79K,2.20%
"Oct 23, 2001",21.85,22.20,22.55,21.82,64.16K,0.41%
"Oct 22, 2001",21.76,21.97,22.10,21.52,47.34K,-0.32%
"Oct 19, 2001",21.83,21.32,22.25,21.18,64.82K,2.44%
"Oct 18, 2001",21.31,21.83,21.87,21.05,51.31K,-2.29%
"Oct 17, 2001",21.81,22.04,22.39,21.55,56.74K,-0.86%
"Oct 16, 2001",22.00,22.31,22.60,21.95,46.49K,-1.30%
"Oct 15, 2001",22.29,22.60,22.76,22.12,51.16K,-0.93%
"Oct 12, 2001",22.50,23.23,23.98,22.06,93.05K,-3.60%
"Oct 11, 2001",23.34,22.54,23.40,22.46,63.49K,3.60%
"Oct 10, 2001",22.53,22.44,22.92,22.35,49.16K,0.22%
"Oct 09, 2001",22.48,22.42,22.62,22.20,46.25K,0.13%
"Oct 08, 2001",22.45,22.61,22.85,21.95,51.27K,0.27%
"Oct 05, 2001",22.39,22.66,23.22,22.30,57.97K,-1.06%
"Oct 04, 2001",22.63,22.04,22.90,21.94,56.13K,2.49%
"Oct 03, 2001",22.08,22.63,22.68,21.72,60.41K,-3.12%
"Oct 02, 2001",22.79,23.15,23.34,22.60,42.33K,-2.10%
"Oct 01, 2001",23.28,23.50,23.53,22.40,50.97K,-0.64%
"Sep 28, 2001",23.43,22.76,23.52,22.76,60.08K,3.03%
"Sep 27, 2001",22.74,22.71,22.94,21.95,56.83K,1.61%
"Sep 26, 2001",22.38,22.17,22.50,20.30,82.37K,2.61%
"Sep 25, 2001",21.81,22.15,23.15,21.25,90.61K,-0.91%
"Sep 24, 2001",22.01,25.90,25.90,21.80,108.96K,-15.25%
"Sep 21, 2001",25.97,26.80,27.05,25.90,97.58K,-2.33%
"Sep 20, 2001",26.59,26.87,27.10,25.90,47.31K,-0.49%
"Sep 19, 2001",26.72,27.67,27.95,25.80,93.87K,-3.54%
"Sep 18, 2001",27.70,28.80,28.86,27.60,69.95K,-3.85%
"Sep 17, 2001",28.81,28.30,29.25,28.30,101.80K,-2.44%
"Sep 14, 2001",29.53,29.98,29.98,29.71,16.15K,6.88%
"Sep 10, 2001",27.63,27.95,28.00,27.57,68.19K,-1.43%
"Sep 07, 2001",28.03,27.56,28.15,27.43,98.29K,1.63%
"Sep 06, 2001",27.58,27.01,27.65,26.88,87.94K,2.34%
"Sep 05, 2001",26.95,26.93,27.23,26.76,60.60K,0.07%
"Sep 04, 2001",26.93,27.17,27.18,26.76,55.64K,-0.99%
"Aug 31, 2001",27.20,26.55,27.25,26.55,47.55K,2.45%
"Aug 30, 2001",26.55,27.02,27.09,26.52,54.16K,-1.85%
"Aug 29, 2001",27.05,27.17,27.60,26.77,81.96K,-0.44%
"Aug 28, 2001",27.17,26.70,27.38,26.51,71.89K,1.87%
"Aug 27, 2001",26.67,26.97,27.17,26.44,58.96K,-0.86%
"Aug 24, 2001",26.90,26.69,27.15,26.63,79.96K,1.01%
"Aug 23, 2001",26.63,26.38,26.72,26.28,59.59K,0.99%
"Aug 22, 2001",26.37,26.73,27.25,26.35,93.78K,-5.52%
"Aug 21, 2001",27.91,27.15,28.10,27.10,61.78K,2.69%
"Aug 20, 2001",27.18,26.60,27.25,26.35,53.56K,1.87%
"Aug 17, 2001",26.68,27.40,27.62,26.55,61.94K,-2.63%
"Aug 16, 2001",27.40,27.51,27.60,27.15,70.92K,-0.58%
"Aug 15, 2001",27.56,28.00,28.25,27.42,79.70K,-1.61%
"Aug 14, 2001",28.01,27.77,28.05,27.67,48.98K,0.68%
"Aug 13, 2001",27.82,28.04,28.27,27.70,52.47K,-0.82%
"Aug 10, 2001",28.05,27.69,28.42,27.65,70.36K,1.48%
"Aug 09, 2001",27.64,27.53,27.72,27.38,50.37K,0.36%
"Aug 08, 2001",27.54,27.94,28.28,27.48,65.17K,-1.43%
"Aug 07, 2001",27.94,27.72,28.40,27.66,68.66K,0.72%
"Aug 06, 2001",27.74,27.53,27.77,27.38,37.37K,0.43%
"Aug 03, 2001",27.62,27.75,27.92,27.40,53.01K,-0.32%
"Aug 02, 2001",27.71,26.77,27.90,26.74,82.56K,3.51%
"Aug 01, 2001",26.77,26.35,26.85,26.33,72.77K,1.59%
"Jul 31, 2001",26.35,26.60,26.85,26.31,52.46K,-1.05%
"Jul 30, 2001",26.63,27.00,27.05,26.55,41.54K,-1.44%
"Jul 27, 2001",27.02,26.65,27.15,26.25,78.32K,1.08%
"Jul 26, 2001",26.73,26.80,27.04,26.65,59.38K,-0.41%
"Jul 25, 2001",26.84,26.31,26.97,26.19,77.27K,2.01%
"Jul 24, 2001",26.31,26.10,26.44,26.01,55.61K,0.73%
"Jul 23, 2001",26.12,26.41,26.60,25.86,53.98K,2.07%
"Jul 20, 2001",25.59,24.70,25.95,24.70,12.68K,3.60%
"Jul 19, 2001",24.70,24.80,25.80,24.54,58.29K,-0.76%
"Jul 18, 2001",24.89,25.56,25.60,24.70,57.54K,-2.66%
"Jul 17, 2001",25.57,26.07,26.32,25.53,78.90K,-1.88%
"Jul 16, 2001",26.06,26.55,26.58,25.72,73.13K,-1.99%
"Jul 13, 2001",26.59,26.85,26.98,26.22,70.34K,-0.78%
"Jul 12, 2001",26.80,27.01,27.10,25.94,80.40K,-1.14%
"Jul 11, 2001",27.11,27.51,27.59,26.92,78.82K,-1.38%
"Jul 10, 2001",27.49,27.55,27.69,27.20,67.95K,-0.36%
"Jul 09, 2001",27.59,28.09,28.26,27.50,91.89K,-2.20%
"Jul 06, 2001",28.21,27.00,28.29,27.00,97.11K,4.40%
"Jul 05, 2001",27.02,26.74,27.05,26.34,70.24K,2.97%
"Jul 03, 2001",26.24,25.99,26.30,25.65,53.67K,1.12%
"Jul 02, 2001",25.95,26.31,26.70,25.38,77.42K,-1.14%
"Jun 29, 2001",26.25,25.68,26.50,25.64,86.30K,2.70%
"Jun 28, 2001",25.56,25.60,25.75,25.10,89.64K,-0.20%
"Jun 27, 2001",25.61,26.97,26.97,25.20,109.86K,-5.08%
"Jun 26, 2001",26.98,27.23,27.49,26.82,63.05K,-0.99%
"Jun 25, 2001",27.25,26.84,27.32,26.78,57.68K,1.57%
"Jun 22, 2001",26.83,26.70,27.10,26.42,73.34K,1.02%
"Jun 21, 2001",26.56,26.35,26.77,25.85,102.25K,0.23%
"Jun 20, 2001",26.50,27.49,27.60,26.00,44.47K,-3.57%
"Jun 19, 2001",27.48,27.56,27.82,27.30,57.94K,-0.25%
"Jun 18, 2001",27.55,28.44,28.54,27.42,50.06K,-3.37%
"Jun 15, 2001",28.51,29.05,29.11,28.44,58.36K,-1.83%
"Jun 14, 2001",29.04,28.79,29.28,28.60,62.96K,0.69%
"Jun 13, 2001",28.84,29.17,29.63,28.80,78.20K,-1.17%
"Jun 12, 2001",29.18,28.94,29.38,28.75,63.00K,0.48%
"Jun 11, 2001",29.04,28.40,29.34,28.40,85.62K,2.51%
"Jun 08, 2001",28.33,27.85,28.39,27.80,47.76K,2.09%
"Jun 07, 2001",27.75,27.65,28.10,27.41,59.70K,0.11%
"Jun 06, 2001",27.72,28.24,28.37,27.25,100.55K,-1.84%
"Jun 05, 2001",28.24,28.07,28.33,27.80,60.55K,0.39%
"Jun 04, 2001",28.13,28.07,28.25,28.07,74.23K,0.72%
"Jun 01, 2001",27.93,28.48,28.60,27.58,75.15K,-1.55%
"May 31, 2001",28.37,28.53,28.72,27.55,101.69K,-0.63%
"May 30, 2001",28.55,28.72,28.95,28.43,65.02K,-0.38%
"May 29, 2001",28.66,28.35,29.05,28.35,58.86K,0.99%
"May 25, 2001",28.38,28.41,28.58,28.10,50.98K,-0.11%
"May 24, 2001",28.41,29.58,29.67,28.20,115.75K,-3.96%
"May 23, 2001",29.58,30.05,30.05,29.55,4.18K,-0.54%
"May 22, 2001",29.74,30.04,30.05,29.58,39.29K,-0.80%
"May 21, 2001",29.98,29.90,30.20,29.61,41.59K,0.23%
"May 18, 2001",29.91,28.92,29.99,28.92,44.89K,3.46%
"May 17, 2001",28.91,28.85,29.03,28.62,45.15K,0.17%
"May 16, 2001",28.86,29.07,29.25,28.45,62.82K,-0.41%
"May 15, 2001",28.98,28.85,29.07,28.61,50.91K,0.94%
"May 14, 2001",28.71,28.58,28.81,28.08,55.54K,0.56%
"May 11, 2001",28.55,28.52,28.75,28.28,51.64K,0.11%
"May 10, 2001",28.52,28.25,28.85,28.15,66.19K,1.03%
"May 09, 2001",28.23,27.40,28.25,27.05,81.01K,3.07%
"May 08, 2001",27.39,27.78,28.00,27.35,57.55K,-1.37%
"May 07, 2001",27.77,28.34,28.58,27.72,56.16K,-2.08%
"May 04, 2001",28.36,28.50,28.73,28.15,49.65K,-0.32%
"May 03, 2001",28.45,27.82,28.55,27.37,68.10K,2.34%
"May 02, 2001",27.80,28.95,29.05,27.75,69.86K,-3.94%
"May 01, 2001",28.94,28.43,28.98,28.25,57.56K,1.69%
"Apr 30, 2001",28.46,28.39,28.99,28.13,40.22K,0.67%
"Apr 27, 2001",28.27,28.49,28.64,28.15,57.33K,-0.60%
"Apr 26, 2001",28.44,27.32,28.65,27.29,77.57K,4.21%
"Apr 25, 2001",27.29,26.80,27.38,26.75,65.94K,1.60%
"Apr 24, 2001",26.86,27.64,27.98,26.80,76.35K,-2.72%
"Apr 23, 2001",27.61,27.60,27.93,27.40,59.96K,1.21%
"Apr 20, 2001",27.28,27.82,28.00,26.80,37.99K,-1.94%
"Apr 19, 2001",27.82,27.88,27.96,27.45,49.92K,-0.47%
"Apr 18, 2001",27.95,28.29,28.29,27.04,73.59K,-1.03%
"Apr 17, 2001",28.24,29.00,29.00,28.15,58.99K,-1.91%
"Apr 16, 2001",28.79,28.11,29.04,28.05,54.35K,1.91%
"Apr 12, 2001",28.25,28.19,28.84,28.19,61.08K,0.25%
"Apr 11, 2001",28.18,28.45,28.45,27.94,60.60K,-1.05%
"Apr 10, 2001",28.48,27.32,28.63,27.31,87.33K,4.40%
"Apr 09, 2001",27.28,27.02,27.67,27.01,59.98K,0.81%
"Apr 06, 2001",27.06,27.25,27.28,26.81,46.55K,-0.73%
"Apr 05, 2001",27.26,27.22,27.78,26.87,80.09K,0.52%
"Apr 04, 2001",27.12,26.22,27.24,26.13,77.94K,3.55%
"Apr 03, 2001",26.19,25.60,26.28,25.49,74.09K,2.34%
"Apr 02, 2001",25.59,26.35,26.47,25.55,55.18K,-2.66%
"Mar 30, 2001",26.29,26.41,26.64,25.96,63.95K,-0.11%
"Mar 29, 2001",26.32,26.31,26.78,25.75,86.98K,0.04%
"Mar 28, 2001",26.31,27.77,27.78,26.25,105.17K,-5.19%
"Mar 27, 2001",27.75,27.45,28.04,27.38,75.77K,0.98%
"Mar 26, 2001",27.48,27.40,27.66,27.11,52.64K,0.66%
"Mar 23, 2001",27.30,26.48,27.45,26.48,69.88K,2.86%
"Mar 22, 2001",26.54,26.79,27.19,26.42,74.31K,-0.97%
"Mar 21, 2001",26.80,26.12,26.85,25.92,80.28K,3.24%
"Mar 20, 2001",25.96,26.15,26.49,25.70,44.90K,-0.73%
"Mar 19, 2001",26.15,26.85,26.94,26.10,39.59K,-2.21%
"Mar 16, 2001",26.74,26.54,27.48,26.45,54.83K,0.72%
"Mar 15, 2001",26.55,26.46,26.72,26.12,69.46K,0.53%
"Mar 14, 2001",26.41,27.50,27.75,26.35,84.09K,-4.28%
"Mar 13, 2001",27.59,27.98,27.98,27.51,61.71K,-1.46%
"Mar 12, 2001",28.00,27.92,28.24,27.67,54.25K,-0.04%
"Mar 09, 2001",28.01,28.31,28.45,27.92,57.96K,-1.34%
"Mar 08, 2001",28.39,28.92,29.15,28.33,80.77K,-2.10%
"Mar 07, 2001",29.00,28.30,29.10,28.18,86.39K,2.40%
"Mar 06, 2001",28.32,28.65,28.70,28.21,50.98K,-0.98%
"Mar 05, 2001",28.60,27.96,28.83,27.91,49.22K,2.73%
"Mar 02, 2001",27.84,27.69,28.20,27.60,61.55K,0.80%
"Mar 01, 2001",27.62,27.41,27.85,27.16,62.80K,0.84%
"Feb 28, 2001",27.39,28.03,28.40,27.36,82.36K,-2.63%
"Feb 27, 2001",28.13,28.40,28.40,27.72,95.83K,-1.02%
"Feb 26, 2001",28.42,28.90,29.18,28.40,62.14K,-2.13%
"Feb 23, 2001",29.04,28.82,29.43,28.51,61.45K,0.76%
"Feb 22, 2001",28.82,28.55,29.20,28.36,86.69K,1.02%
"Feb 21, 2001",28.53,28.70,29.00,28.31,55.06K,-0.17%
"Feb 20, 2001",28.58,29.42,29.57,28.40,46.30K,-1.99%
"Feb 16, 2001",29.16,28.86,29.30,28.78,41.38K,1.25%
"Feb 15, 2001",28.80,29.68,29.68,28.55,73.63K,-3.06%
"Feb 14, 2001",29.71,30.30,30.85,29.65,89.48K,-2.14%
"Feb 13, 2001",30.36,30.52,30.52,29.73,85.07K,-0.49%
"Feb 12, 2001",30.51,30.90,31.10,30.40,69.23K,-1.68%
"Feb 09, 2001",31.03,31.49,31.68,30.85,55.24K,-1.77%
"Feb 08, 2001",31.59,31.28,31.87,31.11,68.13K,1.02%
"Feb 07, 2001",31.27,30.37,31.35,30.06,85.69K,3.03%
"Feb 06, 2001",30.35,30.52,30.88,30.16,57.98K,-0.65%
"Feb 05, 2001",30.55,31.19,31.25,30.24,67.62K,-2.05%
"Feb 02, 2001",31.19,29.85,31.27,29.53,79.00K,4.59%
"Feb 01, 2001",29.82,28.70,29.85,28.40,77.05K,4.05%
"Jan 31, 2001",28.66,29.08,29.41,28.27,85.66K,-1.38%
"Jan 30, 2001",29.06,29.12,29.33,28.68,55.22K,0.00%
"Jan 29, 2001",29.06,29.77,30.13,28.86,64.71K,-2.38%
"Jan 26, 2001",29.77,29.40,29.98,29.27,53.75K,1.40%
"Jan 25, 2001",29.36,29.05,29.47,28.81,61.55K,1.07%
"Jan 24, 2001",29.05,29.60,29.80,28.65,91.77K,-1.76%
"Jan 23, 2001",29.57,29.69,29.75,29.07,73.11K,-8.14%
"Jan 22, 2001",32.19,32.25,32.70,31.80,48.66K,0.00%
"Jan 19, 2001",32.19,30.50,32.40,30.14,42.82K,5.71%
"Jan 18, 2001",30.45,29.59,30.51,29.35,44.84K,2.87%
"Jan 17, 2001",29.60,30.30,30.49,29.02,75.57K,-2.28%
"Jan 16, 2001",30.29,30.30,30.61,29.85,66.39K,0.80%
"Jan 12, 2001",30.05,29.35,30.15,29.34,47.02K,2.18%
"Jan 11, 2001",29.41,29.47,29.90,29.00,67.37K,-0.24%
"Jan 10, 2001",29.48,27.73,29.60,27.60,93.00K,6.66%
"Jan 09, 2001",27.64,27.40,27.72,26.92,69.92K,1.17%
"Jan 08, 2001",27.32,28.12,28.38,27.20,76.06K,-2.25%
"Jan 05, 2001",27.95,28.14,28.78,27.86,63.85K,-0.68%
"Jan 04, 2001",28.14,27.99,28.72,27.67,74.38K,0.50%
"Jan 03, 2001",28.00,27.21,28.14,27.08,66.63K,2.90%
"Jan 02, 2001",27.21,26.90,27.40,26.65,52.32K,1.53%
"Dec 29, 2000",26.80,25.77,26.95,25.62,35.53K,3.68%
"Dec 28, 2000",25.85,26.48,26.58,25.77,34.44K,-2.34%
"Dec 27, 2000",26.47,26.60,27.00,26.41,34.00K,-0.64%
"Dec 26, 2000",26.64,26.20,26.88,26.20,24.45K,1.76%
"Dec 22, 2000",26.18,26.05,27.25,25.95,41.15K,0.77%
"Dec 21, 2000",25.98,25.65,26.48,25.58,52.29K,0.81%
"Dec 20, 2000",25.77,27.65,27.94,25.65,64.49K,-12.14%
"Dec 19, 2000",29.33,29.30,29.75,28.75,45.50K,-1.44%
"Dec 18, 2000",29.76,28.93,29.85,28.93,50.76K,3.08%
"Dec 15, 2000",28.87,27.97,28.90,27.90,53.22K,3.14%
"Dec 14, 2000",27.99,28.53,29.09,27.51,70.75K,-2.61%
"Dec 13, 2000",28.74,29.65,30.04,28.50,71.41K,-3.17%
"Dec 12, 2000",29.68,29.56,29.90,28.95,60.27K,0.61%
"Dec 11, 2000",29.50,28.20,29.55,28.20,77.30K,3.73%
"Dec 08, 2000",28.44,29.30,29.42,27.85,80.72K,-3.10%
"Dec 07, 2000",29.35,29.88,30.35,29.07,39.65K,-1.68%
"Dec 06, 2000",29.85,29.50,30.20,28.25,96.06K,1.08%
"Dec 05, 2000",29.53,31.20,31.53,29.50,103.34K,-5.41%
"Dec 04, 2000",31.22,32.10,32.75,30.95,92.27K,-2.50%
"Dec 01, 2000",32.02,33.76,34.15,31.90,96.06K,-5.32%
"Nov 30, 2000",33.82,34.64,35.10,33.70,79.90K,-2.34%
"Nov 29, 2000",34.63,34.19,34.90,33.87,82.49K,1.20%
"Nov 28, 2000",34.22,35.34,35.34,34.19,70.03K,-3.28%
"Nov 27, 2000",35.38,35.18,35.69,35.02,50.39K,-0.06%
"Nov 22, 2000",35.40,35.20,35.64,34.67,45.77K,0.68%
"Nov 21, 2000",35.16,35.18,35.70,34.90,54.87K,-0.17%
"Nov 20, 2000",35.22,34.98,35.84,34.98,68.25K,-0.65%
"Nov 17, 2000",35.45,35.08,35.70,34.42,54.80K,0.94%
"Nov 16, 2000",35.12,35.54,35.60,34.96,51.77K,-1.29%
"Nov 15, 2000",35.58,34.85,35.65,34.55,80.89K,2.04%
"Nov 14, 2000",34.87,34.48,34.98,34.32,78.81K,1.16%
"Nov 13, 2000",34.47,34.15,34.50,33.92,66.34K,1.32%
"Nov 10, 2000",34.02,33.93,34.13,33.61,63.52K,0.29%
"Nov 09, 2000",33.92,33.24,33.96,33.19,64.16K,2.05%
"Nov 08, 2000",33.24,33.39,33.54,32.83,62.04K,-0.48%
"Nov 07, 2000",33.40,33.02,33.49,32.90,58.38K,1.64%
"Nov 06, 2000",32.86,32.48,32.97,32.10,63.79K,0.46%
"Nov 03, 2000",32.71,32.55,32.78,32.33,54.51K,0.52%
"Nov 02, 2000",32.54,33.17,33.30,32.35,66.82K,-2.14%
"Nov 01, 2000",33.25,32.69,33.74,32.65,71.54K,1.68%
"Oct 31, 2000",32.70,32.85,33.01,32.10,63.01K,-0.34%
"Oct 30, 2000",32.81,32.90,33.42,32.54,54.39K,0.21%
"Oct 27, 2000",32.74,33.85,33.86,32.65,68.53K,-2.88%
"Oct 26, 2000",33.71,32.97,33.80,32.90,68.13K,2.28%
"Oct 25, 2000",32.96,33.37,33.73,32.88,60.42K,-1.23%
"Oct 24, 2000",33.37,33.69,34.08,33.30,69.79K,-1.16%
"Oct 23, 2000",33.76,33.00,33.80,32.62,47.95K,0.03%
"Oct 20, 2000",33.75,32.90,34.35,32.85,43.28K,2.55%
"Oct 19, 2000",32.91,33.55,34.30,32.80,55.42K,-1.70%
"Oct 18, 2000",33.48,33.04,33.92,32.89,53.36K,1.49%
"Oct 17, 2000",32.99,32.90,33.45,32.40,77.37K,0.21%
"Oct 16, 2000",32.92,34.54,34.80,32.70,60.40K,-5.92%
"Oct 13, 2000",34.99,36.04,36.55,34.80,67.08K,-2.97%
"Oct 12, 2000",36.06,33.19,37.00,32.86,116.37K,8.45%
"Oct 11, 2000",33.25,33.13,34.00,32.96,78.57K,0.21%
"Oct 10, 2000",33.18,31.86,33.20,31.86,78.80K,4.14%
"Oct 09, 2000",31.86,30.90,31.90,30.86,51.65K,3.24%
"Oct 06, 2000",30.86,30.70,30.97,30.61,46.28K,1.08%
"Oct 05, 2000",30.53,31.20,31.20,30.19,97.91K,-2.86%
"Oct 04, 2000",31.43,32.07,32.23,31.35,58.09K,-2.00%
"Oct 03, 2000",32.07,32.10,32.30,31.70,48.24K,-0.34%
"Oct 02, 2000",32.18,30.97,32.33,30.95,59.62K,4.35%
"Sep 29, 2000",30.84,30.25,30.95,30.20,57.63K,1.65%
"Sep 28, 2000",30.34,31.40,31.45,30.26,77.51K,-3.56%
"Sep 27, 2000",31.46,31.52,32.23,31.40,86.16K,-0.13%
"Sep 26, 2000",31.50,31.60,32.05,31.40,67.73K,-0.22%
"Sep 25, 2000",31.57,32.20,32.20,30.86,104.68K,-3.40%
"Sep 22, 2000",32.68,33.71,34.40,32.50,85.08K,-3.88%
"Sep 21, 2000",34.00,35.25,35.46,33.90,110.85K,-8.60%
"Sep 20, 2000",37.20,36.45,37.80,36.31,68.72K,1.89%
"Sep 19, 2000",36.51,36.75,37.00,36.15,62.73K,-1.00%
"Sep 18, 2000",36.88,35.85,37.15,35.45,59.66K,2.67%
"Sep 15, 2000",35.92,34.18,36.00,34.10,85.84K,5.43%
"Sep 14, 2000",34.07,33.87,34.50,33.15,98.07K,0.74%
"Sep 13, 2000",33.82,34.30,34.70,33.55,94.63K,-1.34%
"Sep 12, 2000",34.28,35.14,35.84,34.10,91.91K,-2.45%
"Sep 11, 2000",35.14,33.60,35.85,32.70,101.52K,4.49%
"Sep 08, 2000",33.63,35.39,35.40,33.40,88.42K,-4.97%
"Sep 07, 2000",35.39,34.96,35.46,34.45,74.11K,1.40%
"Sep 06, 2000",34.90,33.83,34.95,33.83,74.69K,3.16%
"Sep 05, 2000",33.83,33.68,34.10,33.45,55.72K,1.35%
"Sep 01, 2000",33.38,33.00,33.45,32.75,45.87K,0.79%
"Aug 31, 2000",33.12,33.26,33.70,32.97,56.90K,-0.60%
"Aug 30, 2000",33.32,32.70,33.40,32.15,79.21K,1.77%
"Aug 29, 2000",32.74,32.87,33.04,32.56,49.13K,-0.40%
"Aug 28, 2000",32.87,31.96,32.90,31.83,46.77K,2.62%
"Aug 25, 2000",32.03,31.63,32.15,31.47,44.60K,1.26%
"Aug 24, 2000",31.63,32.13,32.25,31.40,72.98K,-1.22%
"Aug 23, 2000",32.02,31.19,32.80,31.10,79.39K,2.56%
"Aug 22, 2000",31.22,32.42,32.88,31.10,45.85K,-3.85%
"Aug 21, 2000",32.47,31.91,33.00,31.82,45.77K,1.50%
"Aug 18, 2000",31.99,31.94,32.43,31.60,52.65K,0.16%
"Aug 17, 2000",31.94,31.76,32.75,31.76,64.30K,0.44%
"Aug 16, 2000",31.80,31.69,31.90,31.10,55.78K,0.41%
"Aug 15, 2000",31.67,31.90,32.70,31.55,62.65K,-0.85%
"Aug 14, 2000",31.94,31.03,32.00,30.64,65.45K,2.97%
"Aug 11, 2000",31.02,31.23,31.85,30.90,79.68K,-1.02%
"Aug 10, 2000",31.34,30.35,31.52,30.09,81.74K,3.26%
"Aug 09, 2000",30.35,29.15,30.48,29.11,75.51K,4.22%
"Aug 08, 2000",29.12,28.80,29.34,28.66,53.68K,0.73%
"Aug 07, 2000",28.91,29.91,30.16,28.82,56.35K,-3.50%
"Aug 04, 2000",29.96,28.75,30.00,28.70,82.55K,4.54%
"Aug 03, 2000",28.66,28.24,28.90,28.15,64.13K,1.42%
"Aug 02, 2000",28.26,27.79,28.60,27.75,65.18K,1.69%
"Aug 01, 2000",27.79,27.36,28.03,27.26,62.86K,1.31%
"Jul 31, 2000",27.43,28.17,28.33,27.35,64.98K,-2.66%
"Jul 28, 2000",28.18,28.12,28.59,28.01,56.88K,0.57%
"Jul 27, 2000",28.02,27.93,28.30,27.77,47.98K,0.76%
"Jul 26, 2000",27.81,27.96,28.50,27.74,64.07K,-0.50%
"Jul 25, 2000",27.95,28.01,28.40,27.87,53.04K,-0.25%
"Jul 24, 2000",28.02,28.51,28.69,27.96,70.04K,-1.89%
"Jul 21, 2000",28.56,29.66,29.72,28.51,83.57K,-7.66%
"Jul 20, 2000",30.93,31.30,31.68,30.25,55.01K,-1.56%
"Jul 19, 2000",31.42,31.82,32.03,30.98,61.53K,-1.63%
"Jul 18, 2000",31.94,30.74,32.35,30.68,72.24K,3.60%
"Jul 17, 2000",30.83,31.05,31.15,30.62,52.38K,-1.82%
"Jul 14, 2000",31.40,31.50,31.60,31.02,58.63K,-0.22%
"Jul 13, 2000",31.47,30.32,31.50,30.05,113.77K,3.79%
"Jul 12, 2000",30.32,29.71,30.40,29.25,81.09K,2.09%
"Jul 11, 2000",29.70,29.75,29.79,29.18,81.31K,0.03%
"Jul 10, 2000",29.69,29.99,30.15,29.53,57.69K,-1.95%
"Jul 07, 2000",30.28,30.10,30.38,29.48,66.05K,0.97%
"Jul 06, 2000",29.99,30.76,31.40,29.80,86.32K,-2.22%
"Jul 05, 2000",30.67,31.15,31.30,30.25,72.08K,-5.63%
"Jun 30, 2000",32.50,32.77,32.95,32.40,54.56K,-0.67%
"Jun 29, 2000",32.72,31.88,32.90,31.60,60.46K,2.57%
"Jun 28, 2000",31.90,32.09,32.50,31.75,51.32K,-0.50%
"Jun 27, 2000",32.06,31.58,32.42,31.06,69.10K,1.36%
"Jun 26, 2000",31.63,32.26,32.70,31.59,44.55K,-1.92%
"Jun 23, 2000",32.25,32.25,32.70,31.90,62.02K,0.19%
"Jun 22, 2000",32.19,31.37,32.25,30.97,59.23K,2.61%
"Jun 21, 2000",31.37,30.52,31.95,30.25,88.91K,-5.08%
"Jun 20, 2000",33.05,31.61,33.40,31.36,69.78K,4.29%
"Jun 19, 2000",31.69,32.10,32.15,30.90,64.11K,-1.98%
"Jun 16, 2000",32.33,32.81,32.90,31.20,66.30K,-1.88%
"Jun 15, 2000",32.95,32.80,33.30,32.10,77.56K,0.30%
"Jun 14, 2000",32.85,32.49,33.17,32.10,80.18K,0.89%
"Jun 13, 2000",32.56,31.80,32.85,31.65,100.47K,2.58%
"Jun 12, 2000",31.74,30.48,31.80,30.27,76.20K,5.10%
"Jun 09, 2000",30.20,29.75,30.30,29.52,53.42K,1.41%
"Jun 08, 2000",29.78,29.98,30.47,29.50,77.28K,-0.57%
"Jun 07, 2000",29.95,29.84,30.18,28.90,85.18K,0.67%
"Jun 06, 2000",29.75,29.66,30.23,29.52,51.28K,0.17%
"Jun 05, 2000",29.70,30.32,30.75,29.47,64.81K,-2.14%
"Jun 02, 2000",30.35,30.14,30.65,29.78,59.86K,0.70%
"Jun 01, 2000",30.14,29.00,30.25,28.87,67.23K,3.90%
"May 31, 2000",29.01,30.15,30.77,28.95,89.82K,-4.42%
"May 30, 2000",30.35,30.00,30.45,29.91,49.36K,1.17%
"May 26, 2000",30.00,30.53,30.82,29.70,48.23K,-1.67%
"May 25, 2000",30.51,30.05,30.55,29.67,60.37K,1.94%
"May 24, 2000",29.93,28.86,30.00,28.86,71.06K,4.00%
"May 23, 2000",28.78,28.70,28.93,28.35,51.69K,0.59%
"May 22, 2000",28.61,29.76,29.80,29.60,38.67K,-4.28%
"May 19, 2000",29.89,30.18,30.44,29.37,40.41K,-1.45%
"May 18, 2000",30.33,29.80,30.48,29.30,49.34K,3.44%
"May 17, 2000",29.32,29.40,29.85,29.07,67.35K,-1.38%
"May 16, 2000",29.73,30.10,30.25,29.60,51.96K,-0.64%
"May 15, 2000",29.92,29.20,30.04,29.13,47.41K,1.01%
"May 12, 2000",29.62,29.45,30.00,28.82,80.40K,1.75%
"May 11, 2000",29.11,28.10,29.42,28.00,83.21K,3.59%
"May 10, 2000",28.10,28.40,28.69,28.03,62.98K,-1.92%
"May 09, 2000",28.65,28.05,28.93,27.70,70.41K,1.99%
"May 08, 2000",28.09,27.30,28.15,27.05,60.20K,2.93%
"May 05, 2000",27.29,26.80,27.40,26.76,46.03K,1.15%
"May 04, 2000",26.98,26.85,27.25,26.54,50.93K,0.86%
"May 03, 2000",26.75,26.92,27.39,26.65,71.08K,-0.52%
"May 02, 2000",26.89,25.95,27.08,25.80,81.43K,3.94%
"May 01, 2000",25.87,25.55,26.00,25.52,29.44K,0.51%
"Apr 28, 2000",25.74,25.65,26.09,25.45,60.47K,1.26%
"Apr 27, 2000",25.42,24.85,25.50,24.60,58.66K,3.12%
"Apr 26, 2000",24.65,25.02,25.35,24.60,77.43K,-2.68%
"Apr 25, 2000",25.33,25.71,26.07,25.30,51.32K,-2.73%
"Apr 24, 2000",26.04,25.95,26.18,25.82,24.25K,0.62%
"Apr 20, 2000",25.88,25.75,25.98,25.49,47.70K,-5.37%
"Apr 19, 2000",27.35,25.95,27.50,25.80,59.95K,4.75%
"Apr 18, 2000",26.11,26.00,26.27,25.40,45.65K,0.85%
"Apr 17, 2000",25.89,25.45,26.03,25.00,49.17K,1.25%
"Apr 14, 2000",25.57,25.27,25.80,25.10,66.75K,0.75%
"Apr 13, 2000",25.38,25.41,25.96,25.20,77.40K,-0.12%
"Apr 12, 2000",25.41,24.24,25.50,24.07,71.02K,5.26%
"Apr 11, 2000",24.14,23.89,24.38,23.79,68.69K,1.22%
"Apr 10, 2000",23.85,24.90,24.90,23.70,75.60K,-4.75%
"Apr 07, 2000",25.04,25.64,25.78,24.85,69.40K,-2.53%
"Apr 06, 2000",25.69,25.85,26.10,25.53,48.99K,-0.54%
"Apr 05, 2000",25.83,25.32,25.85,25.11,79.63K,1.49%
"Apr 04, 2000",25.45,26.39,26.39,25.42,69.05K,-3.71%
"Apr 03, 2000",26.43,26.85,27.12,26.35,31.46K,-1.75%
"Mar 31, 2000",26.90,26.60,27.15,26.24,75.23K,0.75%
"Mar 30, 2000",26.70,26.45,26.75,26.24,47.79K,0.95%
"Mar 29, 2000",26.45,27.09,27.26,26.05,83.96K,-2.36%
"Mar 28, 2000",27.09,27.71,27.94,27.01,64.09K,-2.52%
"Mar 27, 2000",27.79,28.00,28.02,27.18,39.49K,-0.82%
"Mar 24, 2000",28.02,27.32,28.15,27.32,59.20K,2.60%
"Mar 23, 2000",27.31,27.40,27.78,27.20,55.69K,-0.55%
"Mar 22, 2000",27.46,27.80,28.25,27.25,79.37K,-1.93%
"Mar 21, 2000",28.00,29.60,29.65,27.25,56.35K,-4.86%
"Mar 20, 2000",29.43,30.71,30.71,29.30,63.58K,-4.79%
"Mar 17, 2000",30.91,31.12,31.40,30.56,53.85K,-0.58%
"Mar 16, 2000",31.09,30.67,31.20,30.13,72.18K,1.20%
"Mar 15, 2000",30.72,31.71,31.92,30.60,65.99K,-3.06%
"Mar 14, 2000",31.69,32.05,32.25,31.20,67.27K,-1.03%
"Mar 13, 2000",32.02,31.74,32.25,31.39,47.68K,0.82%
"Mar 10, 2000",31.76,31.68,31.99,31.08,52.39K,0.22%
"Mar 09, 2000",31.69,31.20,32.05,30.55,77.09K,1.38%
"Mar 08, 2000",31.26,34.26,34.37,30.80,91.23K,-8.41%
"Mar 07, 2000",34.13,32.11,34.20,32.07,77.86K,6.06%
"Mar 06, 2000",32.18,31.34,32.20,31.11,57.81K,2.13%
"Mar 03, 2000",31.51,31.61,31.84,30.92,63.19K,-0.57%
"Mar 02, 2000",31.69,31.74,32.15,31.26,58.87K,-0.25%
"Mar 01, 2000",31.77,30.49,31.80,30.33,73.33K,4.40%
"Feb 29, 2000",30.43,30.19,30.63,30.10,50.37K,1.00%
"Feb 28, 2000",30.13,30.20,30.59,29.82,56.87K,-0.72%
"Feb 25, 2000",30.35,29.92,30.83,29.70,75.78K,1.27%
"Feb 24, 2000",29.97,29.30,30.15,29.30,70.51K,1.97%
"Feb 23, 2000",29.39,28.88,29.45,28.72,54.12K,-0.78%
"Feb 22, 2000",29.62,29.20,30.30,28.85,47.20K,0.37%
"Feb 18, 2000",29.51,29.41,29.60,29.05,36.48K,0.17%
"Feb 17, 2000",29.46,30.04,30.05,29.05,51.55K,-1.96%
"Feb 16, 2000",30.05,30.02,30.24,29.35,85.80K,-0.03%
"Feb 15, 2000",30.06,30.28,30.45,29.80,56.97K,-0.63%
"Feb 14, 2000",30.25,29.44,30.30,29.35,58.30K,2.75%
"Feb 11, 2000",29.44,29.42,29.94,29.02,76.43K,0.03%
"Feb 10, 2000",29.43,28.60,29.50,28.60,75.87K,2.29%
"Feb 09, 2000",28.77,28.00,28.84,27.71,86.91K,2.68%
"Feb 08, 2000",28.02,28.44,28.49,27.91,66.13K,-1.51%
"Feb 07, 2000",28.45,28.71,28.90,28.25,60.11K,-1.28%
"Feb 04, 2000",28.82,28.17,28.87,27.75,67.03K,2.82%
"Feb 03, 2000",28.03,27.56,28.40,27.41,77.94K,1.74%
"Feb 02, 2000",27.55,28.22,28.65,27.45,97.35K,-2.37%
"Feb 01, 2000",28.22,27.60,28.40,27.60,76.41K,2.10%
"Jan 31, 2000",27.64,27.10,27.90,26.70,81.84K,1.54%
"Jan 28, 2000",27.22,27.22,27.55,26.95,67.37K,-0.37%
"Jan 27, 2000",27.32,27.78,28.10,27.19,89.12K,-1.87%
"Jan 26, 2000",27.84,28.29,28.77,27.80,67.17K,-1.56%
"Jan 25, 2000",28.28,27.78,28.55,27.35,54.49K,1.62%
"Jan 24, 2000",27.83,28.23,28.69,27.51,57.64K,-1.31%
"Jan 21, 2000",28.20,27.85,29.10,27.70,90.97K,-4.92%
"Jan 20, 2000",29.66,29.40,29.95,28.80,57.72K,0.41%
"Jan 19, 2000",29.54,28.80,29.68,28.55,69.99K,2.39%
"Jan 18, 2000",28.85,28.03,29.00,27.96,65.20K,2.96%
"Jan 14, 2000",28.02,26.80,28.10,26.61,68.81K,4.98%
"Jan 13, 2000",26.69,26.28,27.12,26.20,90.22K,1.56%
"Jan 12, 2000",26.28,25.73,26.55,25.38,93.76K,1.98%
"Jan 11, 2000",25.77,24.71,25.80,24.67,106.49K,4.46%
"Jan 10, 2000",24.67,24.22,24.75,24.02,68.90K,1.86%
"Jan 07, 2000",24.22,24.65,25.00,24.15,91.83K,-2.26%
"Jan 06, 2000",24.78,24.80,25.34,24.51,85.25K,-0.52%
"Jan 05, 2000",24.91,25.50,25.61,24.87,70.94K,-2.50%
"Jan 04, 2000",25.55,25.20,25.69,24.71,74.79K,-0.20%
